2025-02-05,600350.XSHG,002984.XSHE,600380.XSHG,600583.XSHG,600901.XSHG,002318.XSHE,002056.XSHE,002032.XSHE,600801.XSHG,002223.XSHE,002203.XSHE,600497.XSHG,002773.XSHE,002601.XSHE,601128.XSHG,601598.XSHG,000830.XSHE,000703.XSHE,000960.XSHE,601997.XSHG,600141.XSHG,000060.XSHE,000683.XSHE,603606.XSHG,601958.XSHG,601799.XSHG,603156.XSHG,688213.XSHG,600967.XSHG,300037.XSHE,600699.XSHG,002126.XSHE,000887.XSHE,689009.XSHG,605589.XSHG,688200.XSHG,688052.XSHG,603979.XSHG,002407.XSHE,002265.XSHE,000519.XSHE,000050.XSHE,603486.XSHG,600363.XSHG,003021.XSHE,003031.XSHE,300002.XSHE,300003.XSHE,600536.XSHG,600563.XSHG
2025-03-03,002984.XSHE,002773.XSHE,600339.XSHG,600177.XSHG,600170.XSHG,600166.XSHG,002508.XSHE,002487.XSHE,002461.XSHE,002120.XSHE,002078.XSHE,000960.XSHE,000800.XSHE,000729.XSHE,000703.XSHE,000591.XSHE,000088.XSHE,000060.XSHE,600517.XSHG,600497.XSHG,600483.XSHG,600392.XSHG,600377.XSHG,000027.XSHE,688708.XSHG,603858.XSHG,603568.XSHG,603565.XSHG,603077.XSHG,601991.XSHG,601966.XSHG,601611.XSHG,601598.XSHG,600598.XSHG,600582.XSHG,601228.XSHG,601212.XSHG,601118.XSHG,601106.XSHG,600995.XSHG,600985.XSHG,600871.XSHG,600801.XSHG,600754.XSHG,600141.XSHG,600021.XSHG,600008.XSHG,300677.XSHE,300679.XSHE,300144.XSHE
2025-04-01,300570.XSHE,300718.XSHE,002065.XSHE,688343.XSHG,688629.XSHG,002603.XSHE,600598.XSHG,002939.XSHE,600483.XSHG,300140.XSHE,000987.XSHE,600352.XSHG,600380.XSHG,001286.XSHE,002120.XSHE,600637.XSHG,000591.XSHE,000598.XSHE,600153.XSHG,603589.XSHG,603858.XSHG,600060.XSHG,600062.XSHG,603379.XSHG,000537.XSHE,600098.XSHG,600008.XSHG,600109.XSHG,600132.XSHG,600332.XSHG,600295.XSHG,000883.XSHE,600820.XSHG,002007.XSHE,002432.XSHE,000937.XSHE,000582.XSHE,601118.XSHG,601128.XSHG,601156.XSHG,600663.XSHG,600737.XSHG,000088.XSHE,600998.XSHG,600655.XSHG,600985.XSHG,600995.XSHG,600977.XSHG,000728.XSHE,600546.XSHG
2025-05-06,603338.XSHG,688772.XSHG,688708.XSHG,000785.XSHE,601577.XSHG,600098.XSHG,600350.XSHG,600332.XSHG,600008.XSHG,002223.XSHE,000598.XSHE,000429.XSHE,603589.XSHG,600153.XSHG,600132.XSHG,000027.XSHE,688120.XSHG,601997.XSHG,000703.XSHE,000786.XSHE,000883.XSHE,601128.XSHG,600977.XSHG,600901.XSHG,600737.XSHG,600763.XSHG,600637.XSHG,002673.XSHE,002568.XSHE,002318.XSHE,002465.XSHE,002430.XSHE,002461.XSHE,002624.XSHE,600685.XSHG,002517.XSHE,600062.XSHG,300285.XSHE,601399.XSHG,002335.XSHE,600764.XSHG,603379.XSHG,000661.XSHE,603087.XSHG,603000.XSHG,601699.XSHG,601666.XSHG,603605.XSHG,000062.XSHE,688692.XSHG
2025-06-03,300759.XSHE,300003.XSHE,600339.XSHG,600332.XSHG,600295.XSHG,600177.XSHG,002945.XSHE,002926.XSHE,002797.XSHE,002673.XSHE,002670.XSHE,002601.XSHE,002500.XSHE,002429.XSHE,002340.XSHE,002262.XSHE,002138.XSHE,002120.XSHE,002078.XSHE,002032.XSHE,002008.XSHE,002007.XSHE,600517.XSHG,600516.XSHG,600511.XSHG,600497.XSHG,600380.XSHG,600369.XSHG,000987.XSHE,000960.XSHE,000786.XSHE,000750.XSHE,000739.XSHE,000737.XSHE,000728.XSHE,600685.XSHG,600663.XSHG,600655.XSHG,600637.XSHG,600582.XSHG,600536.XSHG,000623.XSHE,000598.XSHE,000513.XSHE,000429.XSHE,000027.XSHE,688563.XSHG,688281.XSHG,603658.XSHG,603650.XSHG
2025-07-01,300496.XSHE,300458.XSHE,300285.XSHE,300140.XSHE,600348.XSHG,600332.XSHG,600316.XSHG,600299.XSHG,600295.XSHG,600256.XSHG,600171.XSHG,600170.XSHG,600161.XSHG,300115.XSHE,300054.XSHE,300024.XSHE,300012.XSHE,300001.XSHE,003031.XSHE,003022.XSHE,600517.XSHG,600516.XSHG,600511.XSHG,600498.XSHG,600497.XSHG,600483.XSHG,600369.XSHG,600352.XSHG,002984.XSHE,002966.XSHE,002945.XSHE,002939.XSHE,002841.XSHE,002831.XSHE,002797.XSHE,002756.XSHE,002738.XSHE,600655.XSHG,600637.XSHG,600598.XSHG,600583.XSHG,600582.XSHG,600578.XSHG,600563.XSHG,600546.XSHG,600536.XSHG,002673.XSHE,002601.XSHE,002508.XSHE,002500.XSHE
2025-08-01,001221.XSHE,300017.XSHE,600299.XSHG,600298.XSHG,002984.XSHE,600177.XSHG,002508.XSHE,002410.XSHE,002223.XSHE,002583.XSHE,002065.XSHE,002032.XSHE,001286.XSHE,000921.XSHE,000883.XSHE,000786.XSHE,000733.XSHE,000598.XSHE,600511.XSHG,600483.XSHG,000429.XSHE,000423.XSHE,000088.XSHE,000027.XSHE,688387.XSHG,688363.XSHG,688349.XSHG,688301.XSHG,688065.XSHG,603939.XSHG,603605.XSHG,603589.XSHG,603568.XSHG,603341.XSHG,603000.XSHG,601808.XSHG,601577.XSHG,601228.XSHG,601128.XSHG,601098.XSHG,601019.XSHG,601000.XSHG,600737.XSHG,600707.XSHG,600688.XSHG,300699.XSHE,600132.XSHG,600131.XSHG,600008.XSHG,600004.XSHG
2025-09-01,300390.XSHE,300144.XSHE,300140.XSHE,600312.XSHG,600299.XSHG,600295.XSHG,600256.XSHG,600166.XSHG,600177.XSHG,600161.XSHG,300001.XSHE,000921.XSHE,003035.XSHE,600516.XSHG,002508.XSHE,600352.XSHG,600398.XSHG,600483.XSHG,600511.XSHG,002271.XSHE,600582.XSHG,002007.XSHE,600642.XSHG,002025.XSHE,002032.XSHE,002078.XSHE,002223.XSHE,600598.XSHG,000893.XSHE,000932.XSHE,000937.XSHE,600707.XSHG,600754.XSHG,600848.XSHG,000582.XSHE,600871.XSHG,000629.XSHE,000729.XSHE,000661.XSHE,000786.XSHE,000800.XSHE,000825.XSHE,000883.XSHE,600008.XSHG,300627.XSHE,600132.XSHG,600098.XSHG,601611.XSHG,603345.XSHG,601139.XSHG
2025-10-09,300395.XSHE,600967.XSHG,600332.XSHG,600339.XSHG,600295.XSHG,600177.XSHG,003035.XSHE,002945.XSHE,002601.XSHE,002299.XSHE,001203.XSHE,600298.XSHG,000898.XSHE,000739.XSHE,000709.XSHE,000728.XSHE,000598.XSHE,600511.XSHG,600483.XSHG,000703.XSHE,000537.XSHE,000528.XSHE,000155.XSHE,000039.XSHE,688301.XSHG,688169.XSHG,603568.XSHG,000539.XSHE,601990.XSHG,601228.XSHG,601139.XSHG,601179.XSHG,601108.XSHG,601106.XSHG,601016.XSHG,601118.XSHG,600642.XSHG,600885.XSHG,600871.XSHG,600820.XSHG,600109.XSHG,600100.XSHG,600032.XSHG,600004.XSHG,600299.XSHG,600688.XSHG,300751.XSHE,300748.XSHE,300699.XSHE,002673.XSHE
2025-11-03,300558.XSHE,603444.XSHG,300140.XSHE,600109.XSHG,600098.XSHG,600352.XSHG,600332.XSHG,000728.XSHE,600483.XSHG,600435.XSHG,600390.XSHG,000967.XSHE,000951.XSHE,600062.XSHG,600032.XSHG,000883.XSHE,000937.XSHE,000582.XSHE,000537.XSHE,000750.XSHE,000738.XSHE,000423.XSHE,000088.XSHE,600873.XSHG,600177.XSHG,600511.XSHG,000598.XSHE,000591.XSHE,688563.XSHG,600583.XSHG,600582.XSHG,002410.XSHE,688425.XSHG,603939.XSHG,002508.XSHE,002500.XSHE,601000.XSHG,600998.XSHG,600369.XSHG,600688.XSHG,600663.XSHG,600642.XSHG,600598.XSHG,002984.XSHE,002966.XSHE,688297.XSHG,002432.XSHE,603000.XSHG,002797.XSHE,601966.XSHG
2025-12-01,002670.XSHE,300432.XSHE,688248.XSHG,600699.XSHG,600126.XSHG,000785.XSHE,000786.XSHE,000519.XSHE,000739.XSHE,000738.XSHE,600177.XSHG,603833.XSHG,000582.XSHE,002271.XSHE,688538.XSHG,603233.XSHG,600642.XSHG,601990.XSHG,603000.XSHG,002465.XSHE,603737.XSHG,603658.XSHG,002429.XSHE,600763.XSHG,600765.XSHG,300699.XSHE,600598.XSHG,300627.XSHE,300144.XSHE,601139.XSHG,002583.XSHE,603444.XSHG,600516.XSHG,688172.XSHG,688411.XSHG,000039.XSHE,000009.XSHE,600578.XSHG,300136.XSHE,600967.XSHG,000598.XSHE,000951.XSHE,300748.XSHE,000932.XSHE,000921.XSHE,000898.XSHE,000887.XSHE,000883.XSHE,000825.XSHE,000800.XSHE
2026-01-05,300454.XSHE,600032.XSHG,300759.XSHE,300496.XSHE,600170.XSHG,600166.XSHG,600132.XSHG,600131.XSHG,600098.XSHG,600062.XSHG,000629.XSHE,600177.XSHG,600171.XSHG,600536.XSHG,600521.XSHG,600517.XSHG,000623.XSHE,000786.XSHE,002195.XSHE,002120.XSHE,002085.XSHE,000783.XSHE,000750.XSHE,000739.XSHE,000728.XSHE,000709.XSHE,000539.XSHE,600663.XSHG,600583.XSHG,600582.XSHG,600562.XSHG,000513.XSHE,000400.XSHE,000088.XSHE,002266.XSHE,002262.XSHE,688561.XSHG,688538.XSHG,600820.XSHG,600763.XSHG,600737.XSHG,600704.XSHG,300073.XSHE,600392.XSHG,600390.XSHG,688475.XSHG,000050.XSHE,000027.XSHE,000009.XSHE,688819.XSHG
2026-02-02,300146.XSHE,600060.XSHG,600153.XSHG,600161.XSHG,600177.XSHG,000750.XSHE,600062.XSHG,600098.XSHG,600380.XSHG,600511.XSHG,000088.XSHE,000429.XSHE,000598.XSHE,600642.XSHG,600582.XSHG,000623.XSHE,000062.XSHE,000537.XSHE,600329.XSHG,600332.XSHG,601236.XSHG,603565.XSHG,600906.XSHG,603529.XSHG,002299.XSHE,603899.XSHG,002500.XSHE,601928.XSHG,002007.XSHE,600820.XSHG,000027.XSHE,001286.XSHE,601577.XSHG,601665.XSHG,600901.XSHG,002966.XSHE,601997.XSHG,603049.XSHG,601990.XSHG,601880.XSHG,002797.XSHE,002673.XSHE,601156.XSHG,601128.XSHG,601162.XSHG,002926.XSHE,000800.XSHE,000883.XSHE,002939.XSHE,002608.XSHE
2026-03-02,300454.XSHE,600008.XSHG,600161.XSHG,600032.XSHG,600132.XSHG,600062.XSHG,600332.XSHG,600004.XSHG,600177.XSHG,600511.XSHG,600398.XSHG,600298.XSHG,000728.XSHE,000598.XSHE,000537.XSHE,000528.XSHE,000027.XSHE,000750.XSHE,000937.XSHE,000729.XSHE,000883.XSHE,600380.XSHG,600377.XSHG,600642.XSHG,600606.XSHG,600582.XSHG,001286.XSHE,688425.XSHG,002120.XSHE,002032.XSHE,603899.XSHG,603858.XSHG,603658.XSHG,002608.XSHE,002500.XSHE,000921.XSHE,002461.XSHE,603565.XSHG,600754.XSHG,600820.XSHG,603049.XSHG,601997.XSHG,601990.XSHG,601598.XSHG,601928.XSHG,601880.XSHG,601156.XSHG,601717.XSHG,002939.XSHE,002926.XSHE
2026-04-01,000830.XSHE,000831.XSHE,600497.XSHG,600392.XSHG,600595.XSHG,000737.XSHE,300058.XSHE,600141.XSHG,601212.XSHG,688708.XSHG,603179.XSHG,000513.XSHE,603939.XSHG,600998.XSHG,002966.XSHE,002508.XSHE,601236.XSHG,600901.XSHG,002423.XSHE,600398.XSHG,600062.XSHG,600377.XSHG,001309.XSHE,002271.XSHE,600369.XSHG,600339.XSHG,600704.XSHG,600380.XSHG,000683.XSHE,600517.XSHG,002262.XSHE,600295.XSHG,002261.XSHE,600109.XSHG,000898.XSHE,002007.XSHE,000623.XSHE,000661.XSHE,600688.XSHG,002299.XSHE,002312.XSHE,001389.XSHE,600663.XSHG,600642.XSHG,600598.XSHG,600583.XSHG,600873.XSHG,600885.XSHG,000783.XSHE,000750.XSHE
2026-05-06,600109.XSHG,600177.XSHG,000623.XSHE,000898.XSHE,000088.XSHE,600536.XSHG,000750.XSHE,000786.XSHE,000825.XSHE,600369.XSHG,600295.XSHG,688728.XSHG,688563.XSHG,000582.XSHE,000598.XSHE,600390.XSHG,600704.XSHG,600663.XSHG,600642.XSHG,688538.XSHG,688187.XSHG,300002.XSHE,300024.XSHE,688363.XSHG,002945.XSHE,002926.XSHE,002673.XSHE,601997.XSHG,300718.XSHE,300144.XSHE,300146.XSHE,601696.XSHG,600143.XSHG,002500.XSHE,603379.XSHG,603728.XSHG,601128.XSHG,601155.XSHG,601162.XSHG,600909.XSHG,601236.XSHG,002603.XSHE,603605.XSHG,600763.XSHG,600764.XSHG,600765.XSHG,603596.XSHG,601098.XSHG,601099.XSHG,600737.XSHG
2026-06-01,000155.XSHE,688180.XSHG,000400.XSHE,000598.XSHE,000088.XSHE,000937.XSHE,603658.XSHG,601598.XSHG,601880.XSHG,600377.XSHG,600008.XSHG,601000.XSHG,600105.XSHG,002517.XSHE,002130.XSHE,002044.XSHE,003022.XSHE,002926.XSHE,601399.XSHG,000027.XSHE,600521.XSHG,600906.XSHG,600901.XSHG,300679.XSHE,600060.XSHG,002444.XSHE,000733.XSHE,600170.XSHG,600131.XSHG,002265.XSHE,600967.XSHG,600637.XSHG,600927.XSHG,601108.XSHG,000415.XSHE,603338.XSHG,000783.XSHE,601099.XSHG,000739.XSHE,000997.XSHE,000737.XSHE,600536.XSHG,000034.XSHE,002670.XSHE,002120.XSHE,603233.XSHG,601696.XSHG,002065.XSHE,002032.XSHE,688297.XSHG
2026-07-01,600021.XSHG,300724.XSHE,300454.XSHE,300432.XSHE,300718.XSHE,000937.XSHE,000582.XSHE,000997.XSHE,000729.XSHE,600256.XSHG,688676.XSHG,688778.XSHG,000009.XSHE,000400.XSHE,002244.XSHE,688615.XSHG,688568.XSHG,688561.XSHG,300115.XSHE,300207.XSHE,003021.XSHE,300058.XSHE,600598.XSHG,600602.XSHG,688166.XSHG,688169.XSHG,002465.XSHE,002487.XSHE,603833.XSHG,603596.XSHG,603486.XSHG,603737.XSHG,601118.XSHG,603092.XSHG,300100.XSHE,300073.XSHE,300677.XSHE,300017.XSHE,600699.XSHG,601016.XSHG,600100.XSHG,600511.XSHG,600369.XSHG,000800.XSHE,603049.XSHG,002500.XSHE,600998.XSHG,601236.XSHG,600298.XSHG,600704.XSHG
2026-08-03,300751.XSHE,300748.XSHE,300432.XSHE,300285.XSHE,300223.XSHE,300100.XSHE,600171.XSHG,300054.XSHE,300037.XSHE,003031.XSHE,002851.XSHE,002831.XSHE,002487.XSHE,002465.XSHE,002429.XSHE,002407.XSHE,002402.XSHE,002335.XSHE,002281.XSHE,002273.XSHE,600498.XSHG,600497.XSHG,600392.XSHG,002203.XSHE,002138.XSHE,002126.XSHE,002056.XSHE,002025.XSHE,001696.XSHE,001389.XSHE,001309.XSHE,000960.XSHE,000733.XSHE,000519.XSHE,000062.XSHE,000050.XSHE,600563.XSHG,000032.XSHE,688777.XSHG,688772.XSHG,688709.XSHG,688629.XSHG,688582.XSHG,688568.XSHG,688498.XSHG,688469.XSHG,688411.XSHG,688387.XSHG,688385.XSHG,688343.XSHG
