name,pool,ts,git,yaml,ok,label,model_kwargs,segments,train_l2,valid_l2,IC,ICIR,rank_IC,rank_ICIR,run_id,seconds
e01_off_1d_hs300,hs300,2026-08-20T12:33:19,53bf0f2,qlib_examples/experiments/e01_off_1d_hs300.yaml,True,default(1d),"{'loss': 'mse', 'colsample_bytree': 0.8879, 'learning_rate': 0.2, 'subsample': 0.8789, 'lambda_l1': 205.6999, 'lambda_l2': 580.9768, 'max_depth': 8, 'num_leaves': 210, 'num_threads': 20}","{'train': ['2022-01-01', '2024-06-30'], 'valid': ['2024-07-01', '2024-12-31'], 'test': ['2025-01-01', '2026-08-14']}",,,,,,,,76.1
e00_robust_1d_hs300,hs300,2026-08-20T12:35:31,53bf0f2,qlib_examples/experiments/e00_robust_1d_hs300.yaml,True,default(1d),"{'loss': 'mse', 'colsample_bytree': 0.8879, 'learning_rate': 0.2, 'subsample': 0.8789, 'lambda_l1': 205.6999, 'lambda_l2': 580.9768, 'max_depth': 8, 'num_leaves': 210, 'num_threads': 20}","{'train': ['2022-01-01', '2024-06-30'], 'valid': ['2024-07-01', '2024-12-31'], 'test': ['2025-01-01', '2026-08-14']}",1.4102936339675998,1.8249877074042198,-0.0019253690268763652,-0.017928688150453904,0.0066523690628528115,0.0616028287300715,a2e6ff0fab404d5e80901f064884fe1c,80.9,qlib_examples/mlruns/133871410065521806/a2e6ff0fab404d5e80901f064884fe1c/artifacts/pred.pkl,qlib_examples/mlruns/133871410065521806/a2e6ff0fab404d5e80901f064884fe1c/artifacts/label.pkl
e02_off_5d_hs300,hs300,2026-08-20T12:37:07,53bf0f2,qlib_examples/experiments/e02_off_5d_hs300.yaml,True,"['Ref($close, -6)/Ref($close, -1) - 1']","{'loss': 'mse', 'colsample_bytree': 0.8879, 'learning_rate': 0.2, 'subsample': 0.8789, 'lambda_l1': 205.6999, 'lambda_l2': 580.9768, 'max_depth': 8, 'num_leaves': 210, 'num_threads': 20}","{'train': ['2022-01-01', '2024-06-30'], 'valid': ['2024-07-01', '2024-12-31'], 'test': ['2025-01-01', '2026-08-14']}",0.9203829035281235,1.0109541105307056,0.004868935490640613,0.02944861641637119,0.021693298819697095,0.12522380936128058,dd3276dc1ab9476e8db4b4d307a61660,79.1,qlib_examples/mlruns/656450105879573724/dd3276dc1ab9476e8db4b4d307a61660/artifacts/pred.pkl,qlib_examples/mlruns/656450105879573724/dd3276dc1ab9476e8db4b4d307a61660/artifacts/label.pkl
e03_off_10d_hs300,hs300,2026-08-20T12:38:27,53bf0f2,qlib_examples/experiments/e03_off_10d_hs300.yaml,True,"['Ref($close, -11)/Ref($close, -1) - 1']","{'loss': 'mse', 'colsample_bytree': 0.8879, 'learning_rate': 0.2, 'subsample': 0.8789, 'lambda_l1': 205.6999, 'lambda_l2': 580.9768, 'max_depth': 8, 'num_leaves': 210, 'num_threads': 20}","{'train': ['2022-01-01', '2024-06-30'], 'valid': ['2024-07-01', '2024-12-31'], 'test': ['2025-01-01', '2026-08-14']}",0.8916577140486524,1.0268579731285976,0.002337039101014838,0.015768832845245565,0.02282035472779477,0.1451990138911447,d0032ff104f34cd29275c3bbee4ede78,80.2,qlib_examples/mlruns/686734304393442343/d0032ff104f34cd29275c3bbee4ede78/artifacts/pred.pkl,qlib_examples/mlruns/686734304393442343/d0032ff104f34cd29275c3bbee4ede78/artifacts/label.pkl
e04_off_20d_hs300,hs300,2026-08-20T12:39:55,53bf0f2,qlib_examples/experiments/e04_off_20d_hs300.yaml,True,"['Ref($close, -21)/Ref($close, -1) - 1']","{'loss': 'mse', 'colsample_bytree': 0.8879, 'learning_rate': 0.2, 'subsample': 0.8789, 'lambda_l1': 205.6999, 'lambda_l2': 580.9768, 'max_depth': 8, 'num_leaves': 210, 'num_threads': 20}","{'train': ['2022-01-01', '2024-06-30'], 'valid': ['2024-07-01', '2024-12-31'], 'test': ['2025-01-01', '2026-08-14']}",0.8607581569161262,1.0480479488744363,-0.006839202642435919,-0.04106942438857662,0.013672802687101906,0.07506352361908657,dc2d09f1588940f4b0ff8a0cc42c5d2e,87.5,qlib_examples/mlruns/961307773085072869/dc2d09f1588940f4b0ff8a0cc42c5d2e/artifacts/pred.pkl,qlib_examples/mlruns/961307773085072869/dc2d09f1588940f4b0ff8a0cc42c5d2e/artifacts/label.pkl
e01_off_1d_zz500,zz500,2026-08-20T12:42:35,53bf0f2,qlib_examples/experiments/e01_off_1d_zz500.yaml,True,default(1d),"{'loss': 'mse', 'colsample_bytree': 0.8879, 'learning_rate': 0.2, 'subsample': 0.8789, 'lambda_l1': 205.6999, 'lambda_l2': 580.9768, 'max_depth': 8, 'num_leaves': 210, 'num_threads': 20}","{'train': ['2022-01-01', '2024-06-30'], 'valid': ['2024-07-01', '2024-12-31'], 'test': ['2025-01-01', '2026-08-14']}",0.9700923195956553,1.0015273195571517,-0.005455895860735645,-0.04022733239332037,0.013667542709303078,0.10186546863246297,1e6fb4dd3c7c4c2e9b6b9033cf3bad6a,137.4,qlib_examples/mlruns/429737427097836721/1e6fb4dd3c7c4c2e9b6b9033cf3bad6a/artifacts/pred.pkl,qlib_examples/mlruns/429737427097836721/1e6fb4dd3c7c4c2e9b6b9033cf3bad6a/artifacts/label.pkl
e02_off_5d_zz500,zz500,2026-08-20T12:45:22,53bf0f2,qlib_examples/experiments/e02_off_5d_zz500.yaml,True,"['Ref($close, -6)/Ref($close, -1) - 1']","{'loss': 'mse', 'colsample_bytree': 0.8879, 'learning_rate': 0.2, 'subsample': 0.8789, 'lambda_l1': 205.6999, 'lambda_l2': 580.9768, 'max_depth': 8, 'num_leaves': 210, 'num_threads': 20}","{'train': ['2022-01-01', '2024-06-30'], 'valid': ['2024-07-01', '2024-12-31'], 'test': ['2025-01-01', '2026-08-14']}",0.9365781793241273,1.0094622340886246,-0.0020624694775372245,-0.014733163824718044,0.026008142456909755,0.19391663746932852,8c40908ac4b44ea09bd3d0918457fd84,165.7,qlib_examples/mlruns/811600791663124824/8c40908ac4b44ea09bd3d0918457fd84/artifacts/pred.pkl,qlib_examples/mlruns/811600791663124824/8c40908ac4b44ea09bd3d0918457fd84/artifacts/label.pkl
e03_off_10d_zz500,zz500,2026-08-20T12:49:04,53bf0f2,qlib_examples/experiments/e03_off_10d_zz500.yaml,True,"['Ref($close, -11)/Ref($close, -1) - 1']","{'loss': 'mse', 'colsample_bytree': 0.8879, 'learning_rate': 0.2, 'subsample': 0.8789, 'lambda_l1': 205.6999, 'lambda_l2': 580.9768, 'max_depth': 8, 'num_leaves': 210, 'num_threads': 20}","{'train': ['2022-01-01', '2024-06-30'], 'valid': ['2024-07-01', '2024-12-31'], 'test': ['2025-01-01', '2026-08-14']}",0.9152079440133136,1.0211430474328005,0.004321185133959686,0.032593724296012906,0.029173439772441905,0.23453225227519425,cebb9c36e98146d4a15758e72783cc55,221.6,qlib_examples/mlruns/881016336350214239/cebb9c36e98146d4a15758e72783cc55/artifacts/pred.pkl,qlib_examples/mlruns/881016336350214239/cebb9c36e98146d4a15758e72783cc55/artifacts/label.pkl
e04_off_20d_zz500,zz500,2026-08-20T12:52:10,53bf0f2,qlib_examples/experiments/e04_off_20d_zz500.yaml,True,"['Ref($close, -21)/Ref($close, -1) - 1']","{'loss': 'mse', 'colsample_bytree': 0.8879, 'learning_rate': 0.2, 'subsample': 0.8789, 'lambda_l1': 205.6999, 'lambda_l2': 580.9768, 'max_depth': 8, 'num_leaves': 210, 'num_threads': 20}","{'train': ['2022-01-01', '2024-06-30'], 'valid': ['2024-07-01', '2024-12-31'], 'test': ['2025-01-01', '2026-08-14']}",0.8950998963811715,1.0255907170315757,0.0007680479533291418,0.006014259978166277,0.025815616939586183,0.18848221665454692,e4411b33c79c4e17ac938420acf2eb87,184.4,qlib_examples/mlruns/710127315821835919/e4411b33c79c4e17ac938420acf2eb87/artifacts/pred.pkl,qlib_examples/mlruns/710127315821835919/e4411b33c79c4e17ac938420acf2eb87/artifacts/label.pkl
e06_off_1d_small_hs300,hs300,2026-08-20T13:20:26,042f2b3,qlib_examples/experiments/e06_off_1d_small_hs300.yaml,True,default(1d),"{'loss': 'mse', 'colsample_bytree': 0.8879, 'learning_rate': 0.1, 'subsample': 0.8789, 'lambda_l1': 1.0, 'lambda_l2': 10.0, 'max_depth': 8, 'num_leaves': 128, 'num_threads': 20, 'min_child_samples': 100}","{'train': ['2022-01-01', '2024-06-30'], 'valid': ['2024-07-01', '2024-12-31'], 'test': ['2025-01-01', '2026-08-14']}",0.9384887609794831,1.0069406899090616,0.006236616789587429,0.05379192137831121,0.016444580395131452,0.12128639577274015,164a39700da44ae492447c1ff3717a9f,195.3,qlib_examples/mlruns/562361103027505049/164a39700da44ae492447c1ff3717a9f/artifacts/pred.pkl,qlib_examples/mlruns/562361103027505049/164a39700da44ae492447c1ff3717a9f/artifacts/label.pkl
e071_off_1d_seed100_hs300,hs300,2026-08-20T13:22:52,042f2b3,qlib_examples/experiments/e071_off_1d_seed100_hs300.yaml,True,default(1d),"{'loss': 'mse', 'colsample_bytree': 0.8879, 'learning_rate': 0.2, 'subsample': 0.8789, 'lambda_l1': 205.6999, 'lambda_l2': 580.9768, 'max_depth': 8, 'num_leaves': 210, 'num_threads': 20, 'seed': 100, 'bagging_seed': 101, 'feature_fraction_seed': 102}","{'train': ['2022-01-01', '2024-06-30'], 'valid': ['2024-07-01', '2024-12-31'], 'test': ['2025-01-01', '2026-08-14']}",0.9670467617059313,0.99974912142667,-0.000261349982903797,-0.0018243801408370916,0.013792970784044196,0.08318991602647961,93c06cf0387543609cc216b8c1c55bc4,144.5,qlib_examples/mlruns/872245944669744382/93c06cf0387543609cc216b8c1c55bc4/artifacts/pred.pkl,qlib_examples/mlruns/872245944669744382/93c06cf0387543609cc216b8c1c55bc4/artifacts/label.pkl
e072_off_1d_seed200_hs300,hs300,2026-08-20T13:24:05,042f2b3,qlib_examples/experiments/e072_off_1d_seed200_hs300.yaml,True,default(1d),"{'loss': 'mse', 'colsample_bytree': 0.8879, 'learning_rate': 0.2, 'subsample': 0.8789, 'lambda_l1': 205.6999, 'lambda_l2': 580.9768, 'max_depth': 8, 'num_leaves': 210, 'num_threads': 20, 'seed': 200, 'bagging_seed': 201, 'feature_fraction_seed': 202}","{'train': ['2022-01-01', '2024-06-30'], 'valid': ['2024-07-01', '2024-12-31'], 'test': ['2025-01-01', '2026-08-14']}",0.9659670211300007,1.0002533949171317,0.0023604833464394657,0.015538214783745502,0.01683322004841932,0.09847541267158905,191164694d3f420eb4721d46b6116088,72.7,qlib_examples/mlruns/253627089986872549/191164694d3f420eb4721d46b6116088/artifacts/pred.pkl,qlib_examples/mlruns/253627089986872549/191164694d3f420eb4721d46b6116088/artifacts/label.pkl
e073_off_1d_seed300_hs300,hs300,2026-08-20T13:25:22,042f2b3,qlib_examples/experiments/e073_off_1d_seed300_hs300.yaml,True,default(1d),"{'loss': 'mse', 'colsample_bytree': 0.8879, 'learning_rate': 0.2, 'subsample': 0.8789, 'lambda_l1': 205.6999, 'lambda_l2': 580.9768, 'max_depth': 8, 'num_leaves': 210, 'num_threads': 20, 'seed': 300, 'bagging_seed': 301, 'feature_fraction_seed': 302}","{'train': ['2022-01-01', '2024-06-30'], 'valid': ['2024-07-01', '2024-12-31'], 'test': ['2025-01-01', '2026-08-14']}",0.9664260881077082,1.0005447567955505,0.000369559750463407,0.002541644883781395,0.018507249036276107,0.11204796413225541,faf0e07111994d358e29f226e85c4d38,77.0,qlib_examples/mlruns/919861719610654219/faf0e07111994d358e29f226e85c4d38/artifacts/pred.pkl,qlib_examples/mlruns/919861719610654219/faf0e07111994d358e29f226e85c4d38/artifacts/label.pkl
e081_off_10d_seed100_hs300,hs300,2026-08-20T13:27:00,042f2b3,qlib_examples/experiments/e081_off_10d_seed100_hs300.yaml,True,"['Ref($close, -11)/Ref($close, -1) - 1']","{'loss': 'mse', 'colsample_bytree': 0.8879, 'learning_rate': 0.2, 'subsample': 0.8789, 'lambda_l1': 205.6999, 'lambda_l2': 580.9768, 'max_depth': 8, 'num_leaves': 210, 'num_threads': 20, 'seed': 100, 'bagging_seed': 101, 'feature_fraction_seed': 102}","{'train': ['2022-01-01', '2024-06-30'], 'valid': ['2024-07-01', '2024-12-31'], 'test': ['2025-01-01', '2026-08-14']}",0.8913212151022195,1.0288700530251815,-0.0002857998562243595,-0.0020600473518998293,0.016275986730489217,0.11013338692273329,0d1cf8e1569f44b5b7e3b1f310aed3dc,90.9,qlib_examples/mlruns/570438358884452059/0d1cf8e1569f44b5b7e3b1f310aed3dc/artifacts/pred.pkl,qlib_examples/mlruns/570438358884452059/0d1cf8e1569f44b5b7e3b1f310aed3dc/artifacts/label.pkl
e081_off_10d_seed100_zz500,zz500,2026-08-20T13:29:06,042f2b3,qlib_examples/experiments/e081_off_10d_seed100_zz500.yaml,True,"['Ref($close, -11)/Ref($close, -1) - 1']","{'loss': 'mse', 'colsample_bytree': 0.8879, 'learning_rate': 0.2, 'subsample': 0.8789, 'lambda_l1': 205.6999, 'lambda_l2': 580.9768, 'max_depth': 8, 'num_leaves': 210, 'num_threads': 20, 'seed': 100, 'bagging_seed': 101, 'feature_fraction_seed': 102}","{'train': ['2022-01-01', '2024-06-30'], 'valid': ['2024-07-01', '2024-12-31'], 'test': ['2025-01-01', '2026-08-14']}",0.9156255275584588,1.019156827498717,0.004546110775805706,0.031325664443160595,0.0356278134118219,0.2370134133258131,0644a612959245278cb0ac39c9a1d53d,125.4,qlib_examples/mlruns/874961407121680642/0644a612959245278cb0ac39c9a1d53d/artifacts/pred.pkl,qlib_examples/mlruns/874961407121680642/0644a612959245278cb0ac39c9a1d53d/artifacts/label.pkl
e082_off_10d_seed200_hs300,hs300,2026-08-20T13:30:19,042f2b3,qlib_examples/experiments/e082_off_10d_seed200_hs300.yaml,True,"['Ref($close, -11)/Ref($close, -1) - 1']","{'loss': 'mse', 'colsample_bytree': 0.8879, 'learning_rate': 0.2, 'subsample': 0.8789, 'lambda_l1': 205.6999, 'lambda_l2': 580.9768, 'max_depth': 8, 'num_leaves': 210, 'num_threads': 20, 'seed': 200, 'bagging_seed': 201, 'feature_fraction_seed': 202}","{'train': ['2022-01-01', '2024-06-30'], 'valid': ['2024-07-01', '2024-12-31'], 'test': ['2025-01-01', '2026-08-14']}",0.8943373612024641,1.0254846145649414,-0.0037653431560722745,-0.026956968723913913,0.016213198544564794,0.10704664735075736,7901f245327d4734a0e4842711673c1d,72.7,qlib_examples/mlruns/113224715114582853/7901f245327d4734a0e4842711673c1d/artifacts/pred.pkl,qlib_examples/mlruns/113224715114582853/7901f245327d4734a0e4842711673c1d/artifacts/label.pkl
e082_off_10d_seed200_zz500,zz500,2026-08-20T13:32:16,042f2b3,qlib_examples/experiments/e082_off_10d_seed200_zz500.yaml,True,"['Ref($close, -11)/Ref($close, -1) - 1']","{'loss': 'mse', 'colsample_bytree': 0.8879, 'learning_rate': 0.2, 'subsample': 0.8789, 'lambda_l1': 205.6999, 'lambda_l2': 580.9768, 'max_depth': 8, 'num_leaves': 210, 'num_threads': 20, 'seed': 200, 'bagging_seed': 201, 'feature_fraction_seed': 202}","{'train': ['2022-01-01', '2024-06-30'], 'valid': ['2024-07-01', '2024-12-31'], 'test': ['2025-01-01', '2026-08-14']}",0.9152377686903778,1.021619115930454,0.002977805866081282,0.02232001169884261,0.0213549097102882,0.17208026178495425,02957e5dd455475fb94f8d4de8848fa0,115.8,qlib_examples/mlruns/389460666266682680/02957e5dd455475fb94f8d4de8848fa0/artifacts/pred.pkl,qlib_examples/mlruns/389460666266682680/02957e5dd455475fb94f8d4de8848fa0/artifacts/label.pkl
e083_off_10d_seed300_hs300,hs300,2026-08-20T13:33:45,042f2b3,qlib_examples/experiments/e083_off_10d_seed300_hs300.yaml,True,"['Ref($close, -11)/Ref($close, -1) - 1']","{'loss': 'mse', 'colsample_bytree': 0.8879, 'learning_rate': 0.2, 'subsample': 0.8789, 'lambda_l1': 205.6999, 'lambda_l2': 580.9768, 'max_depth': 8, 'num_leaves': 210, 'num_threads': 20, 'seed': 300, 'bagging_seed': 301, 'feature_fraction_seed': 302}","{'train': ['2022-01-01', '2024-06-30'], 'valid': ['2024-07-01', '2024-12-31'], 'test': ['2025-01-01', '2026-08-14']}",0.8924564942577052,1.0258831414010368,-0.00552999404656397,-0.038030048029316296,0.01323516884031574,0.08599782619939973,f5a2185b0a9b4990b40d2379978b3120,89.1,qlib_examples/mlruns/930295988238838450/f5a2185b0a9b4990b40d2379978b3120/artifacts/pred.pkl,qlib_examples/mlruns/930295988238838450/f5a2185b0a9b4990b40d2379978b3120/artifacts/label.pkl
e083_off_10d_seed300_zz500,zz500,2026-08-20T13:35:46,042f2b3,qlib_examples/experiments/e083_off_10d_seed300_zz500.yaml,True,"['Ref($close, -11)/Ref($close, -1) - 1']","{'loss': 'mse', 'colsample_bytree': 0.8879, 'learning_rate': 0.2, 'subsample': 0.8789, 'lambda_l1': 205.6999, 'lambda_l2': 580.9768, 'max_depth': 8, 'num_leaves': 210, 'num_threads': 20, 'seed': 300, 'bagging_seed': 301, 'feature_fraction_seed': 302}","{'train': ['2022-01-01', '2024-06-30'], 'valid': ['2024-07-01', '2024-12-31'], 'test': ['2025-01-01', '2026-08-14']}",0.9173630128667902,1.0206058862648,0.00616313997631745,0.045382139050544675,0.03238634953221297,0.24706344318072515,98759703809046338ca239c43471e8c4,120.1,qlib_examples/mlruns/915822445719110942/98759703809046338ca239c43471e8c4/artifacts/pred.pkl,qlib_examples/mlruns/915822445719110942/98759703809046338ca239c43471e8c4/artifacts/label.pkl
e05_off_1d_dart_hs300,hs300,2026-08-20T13:41:02,042f2b3,qlib_examples/experiments/e05_off_1d_dart_hs300.yaml,True,default(1d),"{'loss': 'mse', 'colsample_bytree': 0.8879, 'learning_rate': 0.2, 'subsample': 0.8789, 'lambda_l1': 205.6999, 'lambda_l2': 580.9768, 'max_depth': 8, 'num_leaves': 210, 'num_threads': 20, 'boosting_type': 'dart', 'drop_rate': 0.1, 'skip_drop': 0.5, 'max_drop': 50, 'num_boost_round': 400, 'early_stopping_rounds': 30}","{'train': ['2022-01-01', '2024-06-30'], 'valid': ['2024-07-01', '2024-12-31'], 'test': ['2025-01-01', '2026-08-14']}",0.9427336915604264,1.0035893762712236,0.00758381641374644,0.05532508974527054,0.016882593751278437,0.11448454427842401,a218a9fa7468423ba1bb4e2e9d80a8ab,316.0,qlib_examples/mlruns/357484135307719028/a218a9fa7468423ba1bb4e2e9d80a8ab/artifacts/pred.pkl,qlib_examples/mlruns/357484135307719028/a218a9fa7468423ba1bb4e2e9d80a8ab/artifacts/label.pkl
e11_off_1d_21_hs300,hs300,2026-08-20T14:49:59,a14b17a,qlib_examples/experiments/e11_off_1d_21_hs300.yaml,True,default(1d),"{'loss': 'mse', 'colsample_bytree': 0.8879, 'learning_rate': 0.2, 'subsample': 0.8789, 'lambda_l1': 205.6999, 'lambda_l2': 580.9768, 'max_depth': 8, 'num_leaves': 210, 'num_threads': 20}","{'train': ['2021-06-01', '2024-06-30'], 'valid': ['2024-07-01', '2024-12-31'], 'test': ['2025-01-01', '2026-08-14']}",0.9674844517783687,1.0004881233231062,0.009107857165230384,0.06053544122152988,0.02309050115784389,0.1400682638722587,a2f5d2141cc748f9ac228d72077cc6e8,113.4,qlib_examples/mlruns/766657714469079055/a2f5d2141cc748f9ac228d72077cc6e8/artifacts/pred.pkl,qlib_examples/mlruns/766657714469079055/a2f5d2141cc748f9ac228d72077cc6e8/artifacts/label.pkl
e11_off_1d_21_zz500,zz500,2026-08-20T14:52:35,a14b17a,qlib_examples/experiments/e11_off_1d_21_zz500.yaml,True,default(1d),"{'loss': 'mse', 'colsample_bytree': 0.8879, 'learning_rate': 0.2, 'subsample': 0.8789, 'lambda_l1': 205.6999, 'lambda_l2': 580.9768, 'max_depth': 8, 'num_leaves': 210, 'num_threads': 20}","{'train': ['2021-06-01', '2024-06-30'], 'valid': ['2024-07-01', '2024-12-31'], 'test': ['2025-01-01', '2026-08-14']}",0.9752241592703675,1.000121717347127,-0.0009221989627301187,-0.007787645436723102,0.010091431788175544,0.08620921552814781,425ce7534f8f458eaf7faa890dd8e759,155.4,qlib_examples/mlruns/869600766963040672/425ce7534f8f458eaf7faa890dd8e759/artifacts/pred.pkl,qlib_examples/mlruns/869600766963040672/425ce7534f8f458eaf7faa890dd8e759/artifacts/label.pkl
e12_off_10d_21_hs300,hs300,2026-08-20T14:54:21,a14b17a,qlib_examples/experiments/e12_off_10d_21_hs300.yaml,True,"['Ref($close, -11)/Ref($close, -1) - 1']","{'loss': 'mse', 'colsample_bytree': 0.8879, 'learning_rate': 0.2, 'subsample': 0.8789, 'lambda_l1': 205.6999, 'lambda_l2': 580.9768, 'max_depth': 8, 'num_leaves': 210, 'num_threads': 20}","{'train': ['2021-06-01', '2024-06-30'], 'valid': ['2024-07-01', '2024-12-31'], 'test': ['2025-01-01', '2026-08-14']}",0.8976736577969868,1.0221883519966153,0.001956599798981413,0.011294614000839623,0.027714446153040615,0.1529582313164028,ced5395164074dfa96c0b36dee44c816,104.5,qlib_examples/mlruns/519494179243573701/ced5395164074dfa96c0b36dee44c816/artifacts/pred.pkl,qlib_examples/mlruns/519494179243573701/ced5395164074dfa96c0b36dee44c816/artifacts/label.pkl
e12_off_10d_21_zz500,zz500,2026-08-20T14:56:49,a14b17a,qlib_examples/experiments/e12_off_10d_21_zz500.yaml,True,"['Ref($close, -11)/Ref($close, -1) - 1']","{'loss': 'mse', 'colsample_bytree': 0.8879, 'learning_rate': 0.2, 'subsample': 0.8789, 'lambda_l1': 205.6999, 'lambda_l2': 580.9768, 'max_depth': 8, 'num_leaves': 210, 'num_threads': 20}","{'train': ['2021-06-01', '2024-06-30'], 'valid': ['2024-07-01', '2024-12-31'], 'test': ['2025-01-01', '2026-08-14']}",0.9258214368403234,1.01240202369033,0.006561562272927124,0.049702454436002956,0.03877483411516661,0.3158589490154113,44d307ad56354cfca400c0a89825a463,147.8,qlib_examples/mlruns/795528713091649408/44d307ad56354cfca400c0a89825a463/artifacts/pred.pkl,qlib_examples/mlruns/795528713091649408/44d307ad56354cfca400c0a89825a463/artifacts/label.pkl
e13_off_20d_21_hs300,hs300,2026-08-20T14:58:40,a14b17a,qlib_examples/experiments/e13_off_20d_21_hs300.yaml,True,"['Ref($close, -21)/Ref($close, -1) - 1']","{'loss': 'mse', 'colsample_bytree': 0.8879, 'learning_rate': 0.2, 'subsample': 0.8789, 'lambda_l1': 205.6999, 'lambda_l2': 580.9768, 'max_depth': 8, 'num_leaves': 210, 'num_threads': 20}","{'train': ['2021-06-01', '2024-06-30'], 'valid': ['2024-07-01', '2024-12-31'], 'test': ['2025-01-01', '2026-08-14']}",0.8718907285404096,1.0346616515838052,-0.007178919736510117,-0.04189326866128069,0.020293985390680235,0.11485985367391108,2127119f06cb48749456b02bc9b79815,109.7,qlib_examples/mlruns/898525642075306380/2127119f06cb48749456b02bc9b79815/artifacts/pred.pkl,qlib_examples/mlruns/898525642075306380/2127119f06cb48749456b02bc9b79815/artifacts/label.pkl
e13_off_20d_21_zz500,zz500,2026-08-20T15:00:57,a14b17a,qlib_examples/experiments/e13_off_20d_21_zz500.yaml,True,"['Ref($close, -21)/Ref($close, -1) - 1']","{'loss': 'mse', 'colsample_bytree': 0.8879, 'learning_rate': 0.2, 'subsample': 0.8789, 'lambda_l1': 205.6999, 'lambda_l2': 580.9768, 'max_depth': 8, 'num_leaves': 210, 'num_threads': 20}","{'train': ['2021-06-01', '2024-06-30'], 'valid': ['2024-07-01', '2024-12-31'], 'test': ['2025-01-01', '2026-08-14']}",0.9089467204110638,1.024644734840775,-0.006895639276876838,-0.051314241713575966,0.037896627254604624,0.2525278777716314,87391b8cc41048ea95010baae09e3590,136.1,qlib_examples/mlruns/507145615292550523/87391b8cc41048ea95010baae09e3590/artifacts/pred.pkl,qlib_examples/mlruns/507145615292550523/87391b8cc41048ea95010baae09e3590/artifacts/label.pkl
e14_vol10d_hs300,hs300,2026-08-20T15:02:58,a14b17a,qlib_examples/experiments/e14_vol10d_hs300.yaml,True,"['(Ref($close, -11)/Ref($close, -1) - 1) / Max(Std($close/Ref($close, 1) - 1, 20), 0.005)']","{'loss': 'mse', 'colsample_bytree': 0.8879, 'learning_rate': 0.2, 'subsample': 0.8789, 'lambda_l1': 205.6999, 'lambda_l2': 580.9768, 'max_depth': 8, 'num_leaves': 210, 'num_threads': 20}","{'train': ['2022-01-01', '2024-06-30'], 'valid': ['2024-07-01', '2024-12-31'], 'test': ['2025-01-01', '2026-08-14']}",0.8985755779631356,1.0290633748236666,-0.0007707838239062733,-0.006834464472461001,0.0035168831197225424,0.030154889219189553,26cd035b994844dda4d12d42548cbd1d,120.6,qlib_examples/mlruns/570605813772024156/26cd035b994844dda4d12d42548cbd1d/artifacts/pred.pkl,qlib_examples/mlruns/570605813772024156/26cd035b994844dda4d12d42548cbd1d/artifacts/label.pkl
e14_vol10d_zz500,zz500,2026-08-20T15:06:03,a14b17a,qlib_examples/experiments/e14_vol10d_zz500.yaml,True,"['(Ref($close, -11)/Ref($close, -1) - 1) / Max(Std($close/Ref($close, 1) - 1, 20), 0.005)']","{'loss': 'mse', 'colsample_bytree': 0.8879, 'learning_rate': 0.2, 'subsample': 0.8789, 'lambda_l1': 205.6999, 'lambda_l2': 580.9768, 'max_depth': 8, 'num_leaves': 210, 'num_threads': 20}","{'train': ['2022-01-01', '2024-06-30'], 'valid': ['2024-07-01', '2024-12-31'], 'test': ['2025-01-01', '2026-08-14']}",0.927814796508052,1.0170952371806896,0.013296808787724683,0.12524126218494208,0.03004514891350264,0.3004212343496381,3402dfa9928f4bc0b86e5ec37cac54b2,183.7,qlib_examples/mlruns/609539386840059474/3402dfa9928f4bc0b86e5ec37cac54b2/artifacts/pred.pkl,qlib_examples/mlruns/609539386840059474/3402dfa9928f4bc0b86e5ec37cac54b2/artifacts/label.pkl
e151_10d21_seed100_hs300,hs300,2026-08-20T15:13:41,921634c,qlib_examples/experiments/e151_10d21_seed100_hs300.yaml,True,"['Ref($close, -11)/Ref($close, -1) - 1']","{'loss': 'mse', 'colsample_bytree': 0.8879, 'learning_rate': 0.2, 'subsample': 0.8789, 'lambda_l1': 205.6999, 'lambda_l2': 580.9768, 'max_depth': 8, 'num_leaves': 210, 'num_threads': 20, 'seed': 100, 'bagging_seed': 101, 'feature_fraction_seed': 102}","{'train': ['2021-06-01', '2024-06-30'], 'valid': ['2024-07-01', '2024-12-31'], 'test': ['2025-01-01', '2026-08-14']}",0.9003327130526664,1.0259046250475188,0.014033465768091625,0.09236305895071069,0.03261846478584001,0.2043945985073811,be82788789d14e3a971c887ac2d2a93f,274.4,qlib_examples/mlruns/569645249430585807/be82788789d14e3a971c887ac2d2a93f/artifacts/pred.pkl,qlib_examples/mlruns/569645249430585807/be82788789d14e3a971c887ac2d2a93f/artifacts/label.pkl
e151_10d21_seed100_zz500,zz500,2026-08-20T15:16:07,921634c,qlib_examples/experiments/e151_10d21_seed100_zz500.yaml,True,"['Ref($close, -11)/Ref($close, -1) - 1']","{'loss': 'mse', 'colsample_bytree': 0.8879, 'learning_rate': 0.2, 'subsample': 0.8789, 'lambda_l1': 205.6999, 'lambda_l2': 580.9768, 'max_depth': 8, 'num_leaves': 210, 'num_threads': 20, 'seed': 100, 'bagging_seed': 101, 'feature_fraction_seed': 102}","{'train': ['2021-06-01', '2024-06-30'], 'valid': ['2024-07-01', '2024-12-31'], 'test': ['2025-01-01', '2026-08-14']}",0.923631908564011,1.0168004445748058,0.0086329484164112,0.06383872706254062,0.040365920845760316,0.31436164561316854,97a750e16ddc40c594520bcde11bde7e,144.3,qlib_examples/mlruns/139338339249833794/97a750e16ddc40c594520bcde11bde7e/artifacts/pred.pkl,qlib_examples/mlruns/139338339249833794/97a750e16ddc40c594520bcde11bde7e/artifacts/label.pkl
e152_10d21_seed200_hs300,hs300,2026-08-20T15:18:02,921634c,qlib_examples/experiments/e152_10d21_seed200_hs300.yaml,True,"['Ref($close, -11)/Ref($close, -1) - 1']","{'loss': 'mse', 'colsample_bytree': 0.8879, 'learning_rate': 0.2, 'subsample': 0.8789, 'lambda_l1': 205.6999, 'lambda_l2': 580.9768, 'max_depth': 8, 'num_leaves': 210, 'num_threads': 20, 'seed': 200, 'bagging_seed': 201, 'feature_fraction_seed': 202}","{'train': ['2021-06-01', '2024-06-30'], 'valid': ['2024-07-01', '2024-12-31'], 'test': ['2025-01-01', '2026-08-14']}",0.8991731796258374,1.0227203113507657,0.004762233201841601,0.02878143538977429,0.0313660637192524,0.1853305253507592,8e76241f741f4d7591d1d40745e7f2e5,114.5,qlib_examples/mlruns/694983866136219885/8e76241f741f4d7591d1d40745e7f2e5/artifacts/pred.pkl,qlib_examples/mlruns/694983866136219885/8e76241f741f4d7591d1d40745e7f2e5/artifacts/label.pkl
e152_10d21_seed200_zz500,zz500,2026-08-20T15:24:18,921634c,qlib_examples/experiments/e152_10d21_seed200_zz500.yaml,True,"['Ref($close, -11)/Ref($close, -1) - 1']","{'loss': 'mse', 'colsample_bytree': 0.8879, 'learning_rate': 0.2, 'subsample': 0.8789, 'lambda_l1': 205.6999, 'lambda_l2': 580.9768, 'max_depth': 8, 'num_leaves': 210, 'num_threads': 20, 'seed': 200, 'bagging_seed': 201, 'feature_fraction_seed': 202}","{'train': ['2021-06-01', '2024-06-30'], 'valid': ['2024-07-01', '2024-12-31'], 'test': ['2025-01-01', '2026-08-14']}",0.9274693926651497,1.0162251300966527,0.0030125479182619686,0.022769514798498057,0.036774021435203585,0.318782734178389,32963f50039f4ac28c019d06446a9038,374.5,qlib_examples/mlruns/880750650705411068/32963f50039f4ac28c019d06446a9038/artifacts/pred.pkl,qlib_examples/mlruns/880750650705411068/32963f50039f4ac28c019d06446a9038/artifacts/label.pkl
e153_10d21_seed300_hs300,hs300,2026-08-20T15:26:33,921634c,qlib_examples/experiments/e153_10d21_seed300_hs300.yaml,True,"['Ref($close, -11)/Ref($close, -1) - 1']","{'loss': 'mse', 'colsample_bytree': 0.8879, 'learning_rate': 0.2, 'subsample': 0.8789, 'lambda_l1': 205.6999, 'lambda_l2': 580.9768, 'max_depth': 8, 'num_leaves': 210, 'num_threads': 20, 'seed': 300, 'bagging_seed': 301, 'feature_fraction_seed': 302}","{'train': ['2021-06-01', '2024-06-30'], 'valid': ['2024-07-01', '2024-12-31'], 'test': ['2025-01-01', '2026-08-14']}",0.901710921348963,1.0214259573527396,0.00856841476929318,0.05252204562883917,0.03283736882286264,0.19407012831696227,a869e995e1a64b5ca459114b14d90936,133.7,qlib_examples/mlruns/998523467799789557/a869e995e1a64b5ca459114b14d90936/artifacts/pred.pkl,qlib_examples/mlruns/998523467799789557/a869e995e1a64b5ca459114b14d90936/artifacts/label.pkl
e153_10d21_seed300_zz500,zz500,2026-08-20T15:29:28,921634c,qlib_examples/experiments/e153_10d21_seed300_zz500.yaml,True,"['Ref($close, -11)/Ref($close, -1) - 1']","{'loss': 'mse', 'colsample_bytree': 0.8879, 'learning_rate': 0.2, 'subsample': 0.8789, 'lambda_l1': 205.6999, 'lambda_l2': 580.9768, 'max_depth': 8, 'num_leaves': 210, 'num_threads': 20, 'seed': 300, 'bagging_seed': 301, 'feature_fraction_seed': 302}","{'train': ['2021-06-01', '2024-06-30'], 'valid': ['2024-07-01', '2024-12-31'], 'test': ['2025-01-01', '2026-08-14']}",0.9253391041383167,1.0149198828931336,0.00853147690448123,0.06596604188465535,0.033528777705177995,0.28470233117827487,2892843ebac6456bbdee483e1b0b68cd,174.0,qlib_examples/mlruns/679091484457799915/2892843ebac6456bbdee483e1b0b68cd/artifacts/pred.pkl,qlib_examples/mlruns/679091484457799915/2892843ebac6456bbdee483e1b0b68cd/artifacts/label.pkl
e16_top50_10d21_zz500,zz500,2026-08-20T15:44:31,921634c,qlib_examples/experiments/e16_top50_10d21_zz500.yaml,True,"['Ref($close, -11)/Ref($close, -1) - 1']","{'loss': 'mse', 'colsample_bytree': 0.8879, 'learning_rate': 0.2, 'subsample': 0.8789, 'lambda_l1': 205.6999, 'lambda_l2': 580.9768, 'max_depth': 8, 'num_leaves': 210, 'num_threads': 20}","{'train': ['2021-06-01', '2024-06-30'], 'valid': ['2024-07-01', '2024-12-31'], 'test': ['2025-01-01', '2026-08-14']}",0.9342679707913012,1.0149487091643967,0.007777152951691737,0.05924034428817408,0.03794628553357928,0.3510372110867222,e864d970971a4f518c08c0508625956c,479.1,qlib_examples/mlruns/732125186904978575/e864d970971a4f518c08c0508625956c/artifacts/pred.pkl,qlib_examples/mlruns/732125186904978575/e864d970971a4f518c08c0508625956c/artifacts/label.pkl
e16_top50_10d21_hs300,hs300,2026-08-20T15:56:00,250b98f,qlib_examples/experiments/e16_top50_10d21_hs300.yaml,True,"['Ref($close, -11)/Ref($close, -1) - 1']","{'loss': 'mse', 'colsample_bytree': 0.8879, 'learning_rate': 0.2, 'subsample': 0.8789, 'lambda_l1': 205.6999, 'lambda_l2': 580.9768, 'max_depth': 8, 'num_leaves': 210, 'num_threads': 20}","{'train': ['2021-06-01', '2024-06-30'], 'valid': ['2024-07-01', '2024-12-31'], 'test': ['2025-01-01', '2026-08-14']}",0.9004464169215075,1.016272961499181,,,,,96369ece22174873ae13a1b359efc5da,688.1,qlib_examples/mlruns/910678749620119125/96369ece22174873ae13a1b359efc5da/artifacts/pred.pkl,qlib_examples/mlruns/910678749620119125/96369ece22174873ae13a1b359efc5da/artifacts/label.pkl
e16_top50_10d21_hs300,hs300,2026-08-20T15:56:07,250b98f,qlib_examples/experiments/e16_top50_10d21_hs300.yaml,True,"['Ref($close, -11)/Ref($close, -1) - 1']","{'loss': 'mse', 'colsample_bytree': 0.8879, 'learning_rate': 0.2, 'subsample': 0.8789, 'lambda_l1': 205.6999, 'lambda_l2': 580.9768, 'max_depth': 8, 'num_leaves': 210, 'num_threads': 20}","{'train': ['2021-06-01', '2024-06-30'], 'valid': ['2024-07-01', '2024-12-31'], 'test': ['2025-01-01', '2026-08-14']}",0.9004464169215075,1.0231207345964448,0.0044904358802268195,0.028377434947471886,0.026528082522822127,0.1653339275907973,96369ece22174873ae13a1b359efc5da,664.8,qlib_examples/mlruns/910678749620119125/96369ece22174873ae13a1b359efc5da/artifacts/pred.pkl,qlib_examples/mlruns/910678749620119125/96369ece22174873ae13a1b359efc5da/artifacts/label.pkl
e17_all_10d_21,zz500,2026-08-20T16:23:57,3d0242e,qlib_examples/experiments/e17_all_10d_21.yaml,False,"['Ref($close, -11)/Ref($close, -1) - 1']","{'loss': 'mse', 'colsample_bytree': 0.8879, 'learning_rate': 0.2, 'subsample': 0.8789, 'lambda_l1': 205.6999, 'lambda_l2': 580.9768, 'max_depth': 8, 'num_leaves': 210, 'num_threads': 20}","{'train': ['2021-06-01', '2024-06-30'], 'valid': ['2024-07-01', '2024-12-31'], 'test': ['2025-01-01', '2026-08-14']}",0.9004464169215075,1.0231207345964448,0.0044904358802268195,0.028377434947471886,0.026528082522822127,0.1653339275907973,96369ece22174873ae13a1b359efc5da,12.1,qlib_examples/mlruns/910678749620119125/96369ece22174873ae13a1b359efc5da/artifacts/pred.pkl,qlib_examples/mlruns/910678749620119125/96369ece22174873ae13a1b359efc5da/artifacts/label.pkl
e17_all_10d_21,zz500,2026-08-20T16:39:35,3d0242e,qlib_examples/experiments/e17_all_10d_21.yaml,False,"['Ref($close, -11)/Ref($close, -1) - 1']","{'loss': 'mse', 'colsample_bytree': 0.8879, 'learning_rate': 0.2, 'subsample': 0.8789, 'lambda_l1': 205.6999, 'lambda_l2': 580.9768, 'max_depth': 8, 'num_leaves': 210, 'num_threads': 20}","{'train': ['2021-06-01', '2024-06-30'], 'valid': ['2024-07-01', '2024-12-31'], 'test': ['2025-01-01', '2026-08-14']}",0.9004464169215075,1.0231207345964448,0.0044904358802268195,0.028377434947471886,0.026528082522822127,0.1653339275907973,96369ece22174873ae13a1b359efc5da,788.1,qlib_examples/mlruns/910678749620119125/96369ece22174873ae13a1b359efc5da/artifacts/pred.pkl,qlib_examples/mlruns/910678749620119125/96369ece22174873ae13a1b359efc5da/artifacts/label.pkl
e17_all_10d_21,zz500,2026-08-20T17:05:35,3d0242e,qlib_examples/experiments/e17_all_10d_21.yaml,False,"['Ref($close, -11)/Ref($close, -1) - 1']","{'loss': 'mse', 'colsample_bytree': 0.8879, 'learning_rate': 0.2, 'subsample': 0.8789, 'lambda_l1': 205.6999, 'lambda_l2': 580.9768, 'max_depth': 8, 'num_leaves': 210, 'num_threads': 20}","{'train': ['2021-06-01', '2024-06-30'], 'valid': ['2024-07-01', '2024-12-31'], 'test': ['2025-01-01', '2026-08-14']}",0.9004464169215075,1.0231207345964448,0.0044904358802268195,0.028377434947471886,0.026528082522822127,0.1653339275907973,96369ece22174873ae13a1b359efc5da,715.8,qlib_examples/mlruns/910678749620119125/96369ece22174873ae13a1b359efc5da/artifacts/pred.pkl,qlib_examples/mlruns/910678749620119125/96369ece22174873ae13a1b359efc5da/artifacts/label.pkl
e18_off_60d_21_hs300,hs300,2026-08-20T19:06:17,3153722,qlib_examples/experiments/e18_off_60d_21_hs300.yaml,True,"['Ref($close, -61)/Ref($close, -1) - 1']","{'loss': 'mse', 'colsample_bytree': 0.8879, 'learning_rate': 0.2, 'subsample': 0.8789, 'lambda_l1': 205.6999, 'lambda_l2': 580.9768, 'max_depth': 8, 'num_leaves': 210, 'num_threads': 20}","{'train': ['2021-06-01', '2024-06-30'], 'valid': ['2024-07-01', '2024-12-31'], 'test': ['2025-01-01', '2026-08-14']}",0.8519624953239624,1.107328567139903,-0.044313000236734686,-0.21883913852218087,-0.0032648514732909525,-0.016383064107529547,62803066fc944837a0f3ef71eea153eb,97.8,qlib_examples/mlruns/239146304196700753/62803066fc944837a0f3ef71eea153eb/artifacts/pred.pkl,qlib_examples/mlruns/239146304196700753/62803066fc944837a0f3ef71eea153eb/artifacts/label.pkl
e18_off_60d_21_zz500,zz500,2026-08-20T19:08:47,3153722,qlib_examples/experiments/e18_off_60d_21_zz500.yaml,True,"['Ref($close, -61)/Ref($close, -1) - 1']","{'loss': 'mse', 'colsample_bytree': 0.8879, 'learning_rate': 0.2, 'subsample': 0.8789, 'lambda_l1': 205.6999, 'lambda_l2': 580.9768, 'max_depth': 8, 'num_leaves': 210, 'num_threads': 20}","{'train': ['2021-06-01', '2024-06-30'], 'valid': ['2024-07-01', '2024-12-31'], 'test': ['2025-01-01', '2026-08-14']}",0.9076094802709488,1.0430941539805498,-0.09704944013749815,-0.7509594675612791,-0.035193198214445956,-0.2563727076139747,a53b97f7a9174bb7800469f9b0d09387,143.1,qlib_examples/mlruns/165497117400437137/a53b97f7a9174bb7800469f9b0d09387/artifacts/pred.pkl,qlib_examples/mlruns/165497117400437137/a53b97f7a9174bb7800469f9b0d09387/artifacts/label.pkl
e19_off_15d_21_hs300,hs300,2026-08-20T19:52:13,5e221e1,qlib_examples/experiments/e19_off_15d_21_hs300.yaml,True,"['Ref($close, -16)/Ref($close, -1) - 1']","{'loss': 'mse', 'colsample_bytree': 0.8879, 'learning_rate': 0.2, 'subsample': 0.8789, 'lambda_l1': 205.6999, 'lambda_l2': 580.9768, 'max_depth': 8, 'num_leaves': 210, 'num_threads': 20}","{'train': ['2021-06-01', '2024-06-30'], 'valid': ['2024-07-01', '2024-12-31'], 'test': ['2025-01-01', '2026-08-14']}",0.8832874444846488,1.0302005212551237,0.010788799474249216,0.05943794253907405,0.04057797678423752,0.212223146878845,5fb8cad9f15f412bb44b2a241b7b9a17,103.3,qlib_examples/mlruns/492416542957329909/5fb8cad9f15f412bb44b2a241b7b9a17/artifacts/pred.pkl,qlib_examples/mlruns/492416542957329909/5fb8cad9f15f412bb44b2a241b7b9a17/artifacts/label.pkl
e19_off_15d_21_zz500,zz500,2026-08-20T19:54:36,5e221e1,qlib_examples/experiments/e19_off_15d_21_zz500.yaml,True,"['Ref($close, -16)/Ref($close, -1) - 1']","{'loss': 'mse', 'colsample_bytree': 0.8879, 'learning_rate': 0.2, 'subsample': 0.8789, 'lambda_l1': 205.6999, 'lambda_l2': 580.9768, 'max_depth': 8, 'num_leaves': 210, 'num_threads': 20}","{'train': ['2021-06-01', '2024-06-30'], 'valid': ['2024-07-01', '2024-12-31'], 'test': ['2025-01-01', '2026-08-14']}",0.9185754641810197,1.0173376612477059,-0.008733891888670997,-0.06581090491471783,0.02974922362060061,0.23044733626315464,5ccd0a49424548b3a5d41a520dbfc26f,141.6,qlib_examples/mlruns/267642249252642705/5ccd0a49424548b3a5d41a520dbfc26f/artifacts/pred.pkl,qlib_examples/mlruns/267642249252642705/5ccd0a49424548b3a5d41a520dbfc26f/artifacts/label.pkl
e191_15d21_seed100_hs300,hs300,2026-08-20T19:56:36,1e7f026,qlib_examples/experiments/e191_15d21_seed100_hs300.yaml,True,"['Ref($close, -16)/Ref($close, -1) - 1']","{'loss': 'mse', 'colsample_bytree': 0.8879, 'learning_rate': 0.2, 'subsample': 0.8789, 'lambda_l1': 205.6999, 'lambda_l2': 580.9768, 'max_depth': 8, 'num_leaves': 210, 'num_threads': 20, 'seed': 100, 'bagging_seed': 101, 'feature_fraction_seed': 102}","{'train': ['2021-06-01', '2024-06-30'], 'valid': ['2024-07-01', '2024-12-31'], 'test': ['2025-01-01', '2026-08-14']}",0.8883312009776202,1.0263759259228502,0.004302424925219917,0.029182132830363947,0.026370754270851372,0.17380727705714277,03ce74b5391e4a6185c2edc9fbecfd5b,106.4,qlib_examples/mlruns/565600234354429387/03ce74b5391e4a6185c2edc9fbecfd5b/artifacts/pred.pkl,qlib_examples/mlruns/565600234354429387/03ce74b5391e4a6185c2edc9fbecfd5b/artifacts/label.pkl
e192_15d21_seed200_hs300,hs300,2026-08-20T19:58:23,1e7f026,qlib_examples/experiments/e192_15d21_seed200_hs300.yaml,True,"['Ref($close, -16)/Ref($close, -1) - 1']","{'loss': 'mse', 'colsample_bytree': 0.8879, 'learning_rate': 0.2, 'subsample': 0.8789, 'lambda_l1': 205.6999, 'lambda_l2': 580.9768, 'max_depth': 8, 'num_leaves': 210, 'num_threads': 20, 'seed': 200, 'bagging_seed': 201, 'feature_fraction_seed': 202}","{'train': ['2021-06-01', '2024-06-30'], 'valid': ['2024-07-01', '2024-12-31'], 'test': ['2025-01-01', '2026-08-14']}",0.883158496401115,1.0267974084551872,0.004914304393968874,0.02848542641601179,0.037434864411599975,0.20857163129863399,3293e56838664e339e32d4f9bd7c64db,105.8,qlib_examples/mlruns/153043416088606612/3293e56838664e339e32d4f9bd7c64db/artifacts/pred.pkl,qlib_examples/mlruns/153043416088606612/3293e56838664e339e32d4f9bd7c64db/artifacts/label.pkl
e193_15d21_seed300_hs300,hs300,2026-08-20T20:00:23,1e7f026,qlib_examples/experiments/e193_15d21_seed300_hs300.yaml,True,"['Ref($close, -16)/Ref($close, -1) - 1']","{'loss': 'mse', 'colsample_bytree': 0.8879, 'learning_rate': 0.2, 'subsample': 0.8789, 'lambda_l1': 205.6999, 'lambda_l2': 580.9768, 'max_depth': 8, 'num_leaves': 210, 'num_threads': 20, 'seed': 300, 'bagging_seed': 301, 'feature_fraction_seed': 302}","{'train': ['2021-06-01', '2024-06-30'], 'valid': ['2024-07-01', '2024-12-31'], 'test': ['2025-01-01', '2026-08-14']}",0.8795667746669229,1.0348723798399657,0.006593459108632657,0.036732376619072034,0.03515724189835081,0.18842031184591312,51b28c69e7114d669dd4a57dda21911e,118.8,qlib_examples/mlruns/817558005888488530/51b28c69e7114d669dd4a57dda21911e/artifacts/pred.pkl,qlib_examples/mlruns/817558005888488530/51b28c69e7114d669dd4a57dda21911e/artifacts/label.pkl
