date,open,high,low,close,volume,vwap,factor
2023-01-03,5.26214757,5.26214757,5.11469685,5.24371623,78438797.0,5.622503201190095,1.0
2023-01-04,5.24371623,5.32665726,5.22528489,5.27136324,49123019.0,5.729031280426799,1.0
2023-01-05,5.31744159,5.39116695,5.28979458,5.3450886,60218319.0,5.792485741589698,1.0
2023-01-06,5.32665726,5.40038262,5.31744159,5.35430427,45029494.0,5.814796830273065,1.0
2023-01-09,5.39116695,5.64920571,5.37273561,5.57548035,188098820.0,6.028979812738857,1.0
2023-01-10,5.58469602,5.87038179,5.56626468,5.74136241,250120621.0,6.242125177555832,1.0
2023-01-11,5.75057808,5.85195045,5.7137154,5.74136241,138832137.0,6.270212012583225,1.0
2023-01-12,5.75979375,5.92567581,5.75057808,5.90724447,168137003.0,6.341769951793419,1.0
2023-01-13,5.93489148,5.9901855,5.83351911,5.97175416,132936566.0,6.427388273742531,1.0
2023-01-16,5.97175416,6.37724364,5.97175416,6.20214591,262301114.0,6.7443375782612955,1.0
2023-01-17,6.19293024,6.34038096,6.14685189,6.32194962,146584599.0,6.773488820950419,1.0
2023-01-18,6.2666556,6.31273395,6.20214591,6.27587127,87145672.0,6.802977109178755,1.0
2023-01-19,6.22979292,6.47861601,6.22057725,6.47861601,147603076.0,6.949286354371097,1.0
2023-01-20,6.46940034,6.47861601,6.31273395,6.41410632,101914167.0,6.940587062248176,1.0
2023-01-30,6.49704735,6.5431257,6.28508694,6.33116529,116624072.0,6.9118361598624345,1.0
2023-01-31,6.34959663,6.47861601,6.28508694,6.3588123,88737321.0,6.917505579980265,1.0
2023-02-01,6.34038096,6.46940034,6.29430261,6.450969,123300885.0,6.916861032749278,1.0
2023-02-02,6.47861601,6.50626302,6.15606756,6.24822426,177809345.0,6.806974224161278,1.0
2023-02-03,6.18371457,6.25743993,6.11920488,6.1744989,99362847.0,6.701021037068311,1.0
2023-02-06,6.10077354,6.12842055,5.99940117,6.03626385,102669569.0,6.564972201354035,1.0
2023-02-07,6.07312653,6.10077354,6.02704818,6.06391086,47983579.0,6.577314256821068,1.0
2023-02-08,6.0823422,6.0823422,5.96253849,5.97175416,47352597.0,6.526931224278998,1.0
2023-02-09,5.98096983,6.06391086,5.94410715,6.05469519,75693798.0,6.535988032467337,1.0
2023-02-10,6.02704818,6.03626385,5.94410715,5.97175416,55006030.0,6.495735982400475,1.0
2023-02-13,5.97175416,6.04547952,5.94410715,6.03626385,52539668.0,6.521786723128893,1.0
2023-02-14,6.04547952,6.06391086,5.97175416,6.00861684,44636807.0,6.520689389364252,1.0
2023-02-15,6.00861684,6.04547952,5.95332282,5.96253849,46939463.0,6.504968243458602,1.0
2023-02-16,5.96253849,6.09155787,5.83351911,5.87038179,99864083.0,6.496082022402389,1.0
2023-02-17,5.86116612,5.97175416,5.81508777,5.82430344,65599030.0,6.389171446132664,1.0
2023-02-20,5.88881313,6.05469519,5.85195045,6.03626385,109889920.0,6.467016372202291,1.0
2023-02-21,6.03626385,6.0823422,5.9901855,6.06391086,59775766.0,6.550640886977509,1.0
2023-02-22,6.03626385,6.05469519,5.92567581,5.95332282,65974370.0,6.494333680336773,1.0
2023-02-23,5.95332282,6.04547952,5.93489148,5.9901855,48599283.0,6.5104793774426675,1.0
2023-02-24,5.99940117,5.99940117,5.88881313,5.8980288,47042999.0,6.426479496343334,1.0
2023-02-27,5.86116612,5.88881313,5.8058721,5.83351911,44157756.0,6.342907391625607,1.0
2023-02-28,5.86116612,5.92567581,5.83351911,5.92567581,34027062.0,6.375728005256522,1.0
2023-03-01,5.8980288,6.03626385,5.88881313,5.9901855,63690127.0,6.490614660887707,1.0
2023-03-02,5.98096983,6.09155787,5.96253849,6.00861684,63666307.0,6.546412092820147,1.0
2023-03-03,6.00861684,6.0823422,5.99940117,6.06391086,60074293.0,6.568120937186893,1.0
2023-03-06,6.0823422,6.10077354,5.91646014,5.92567581,86808396.0,6.478797681850958,1.0
2023-03-07,5.92567581,6.01783251,5.82430344,5.84273478,71103189.0,6.427251481223999,1.0
2023-03-08,5.83351911,5.86116612,5.77822509,5.82430344,43333599.0,6.309370242014746,1.0
2023-03-09,5.83351911,5.83351911,5.75057808,5.75979375,47495985.0,6.2781159849616754,1.0
2023-03-10,5.7137154,5.73214674,5.6215587,5.66763705,59368685.0,6.1615222673367285,1.0
2023-03-13,5.65842138,5.7137154,5.63999004,5.69528406,43538960.0,6.160362143928105,1.0
2023-03-14,5.67685272,5.67685272,5.56626468,5.60312736,55501020.0,6.087860226893127,1.0
2023-03-15,5.65842138,5.69528406,5.61234303,5.6215587,45892286.0,6.1282642712546505,1.0
2023-03-16,5.59391169,5.64920571,5.56626468,5.57548035,37882151.0,6.084075302904526,1.0
2023-03-17,5.6215587,5.72293107,5.60312736,5.66763705,78561452.0,6.14940329437903,1.0
2023-03-20,5.67685272,5.7137154,5.57548035,5.58469602,65608053.0,6.114406917089888,1.0
2023-03-21,5.61234303,5.64920571,5.58469602,5.63077437,43916031.0,6.093507627089524,1.0
2023-03-22,5.63999004,5.70449973,5.6215587,5.65842138,51772879.0,6.139542558566233,1.0
2023-03-23,5.63999004,5.73214674,5.63077437,5.72293107,60725396.0,6.178084639909141,1.0
2023-03-24,5.72293107,5.74136241,5.65842138,5.69528406,43123164.0,6.188654168557762,1.0
2023-03-27,5.70449973,5.72293107,5.6215587,5.7137154,55994238.0,6.161468162492006,1.0
2023-03-28,5.72293107,5.72293107,5.65842138,5.66763705,32509254.0,6.160178263087796,1.0
2023-03-29,5.67685272,5.68606839,5.57548035,5.60312736,54294418.0,6.083776383052858,1.0
2023-03-30,5.60312736,5.63999004,5.529402,5.61234303,50663581.0,6.055478651025477,1.0
2023-03-31,5.61234303,5.65842138,5.59391169,5.63999004,34454220.0,6.10969164648046,1.0
2023-04-03,5.63999004,5.87038179,5.6215587,5.85195045,150080798.0,6.262085757766293,1.0
2023-04-04,5.86116612,6.00861684,5.83351911,5.96253849,126377775.0,6.431337000117307,1.0
2023-04-06,5.94410715,5.95332282,5.83351911,5.85195045,86272314.0,6.384341295053242,1.0
2023-04-07,5.87038179,6.00861684,5.85195045,5.99940117,96922638.0,6.45523627194299,1.0
2023-04-10,6.11920488,6.1744989,5.9901855,5.9901855,149995836.0,6.600961083146335,1.0
2023-04-11,6.0823422,6.33116529,6.07312653,6.11920488,220233844.0,6.735597152724628,1.0
2023-04-12,6.10077354,6.24822426,6.07312653,6.19293024,139055947.0,6.695701522927315,1.0
2023-04-13,6.1744989,6.18371457,6.05469519,6.0823422,77492634.0,6.617441568188275,1.0
2023-04-14,6.11920488,6.12842055,6.00861684,6.07312653,61909880.0,6.584253232117394,1.0
2023-04-17,6.06391086,6.42332199,6.03626385,6.38645931,234114976.0,6.856917223099815,1.0
2023-04-18,6.34959663,6.39567498,6.24822426,6.29430261,101930283.0,6.850358663185504,1.0
2023-04-19,6.27587127,6.29430261,6.18371457,6.19293024,72967557.0,6.765535288648899,1.0
2023-04-20,6.18371457,6.29430261,6.15606756,6.2666556,84403485.0,6.7654608335189,1.0
2023-04-21,6.25743993,6.27587127,5.96253849,5.9901855,122307117.0,6.601320115410783,1.0
2023-04-24,5.99940117,6.07312653,5.91646014,5.97175416,68836139.0,6.508857808832073,1.0
2023-04-25,5.97175416,6.02704818,5.87959746,5.98096983,71428261.0,6.470907583204356,1.0
2023-04-26,5.95332282,6.00861684,5.90724447,5.96253849,57248942.0,6.468730568505528,1.0
2023-04-27,5.94410715,6.22057725,5.93489148,6.14685189,106411534.0,6.590786636249413,1.0
2023-04-28,6.0823422,6.25743993,5.93489148,6.19293024,170627239.0,6.638028059107257,1.0
2023-05-04,6.10077354,6.22057725,6.06391086,6.21136158,104434086.0,6.695412588951083,1.0
2023-05-05,6.20214591,6.37724364,6.16528323,6.22979292,145585311.0,6.812836471393738,1.0
2023-05-08,6.22057725,6.48783168,6.15606756,6.3588123,202479216.0,6.881007001726044,1.0
2023-05-09,6.48783168,6.6352824,6.31273395,6.34038096,307513586.0,7.0541228530956674,1.0
2023-05-10,6.2666556,6.32194962,6.06391086,6.0823422,166093505.0,6.687084828813746,1.0
2023-05-11,6.09155787,6.25743993,6.07312653,6.13763622,89404521.0,6.694141929355005,1.0
2023-05-12,6.11920488,6.1744989,6.03626385,6.05469519,69713819.0,6.616519866312302,1.0
2023-05-15,6.03626385,6.18371457,5.91646014,6.18371457,98141754.0,6.554588702989759,1.0
2023-05-16,6.15606756,6.30351828,6.06391086,6.0823422,72330763.0,6.685360550530899,1.0
2023-05-17,6.0823422,6.11920488,5.94410715,5.99940117,75647104.0,6.530206902170373,1.0
2023-05-18,6.01783251,6.05469519,5.93489148,5.95332282,70035737.0,6.4970276948752606,1.0
2023-05-19,5.94410715,5.94410715,5.78744076,5.81508777,98480964.0,6.329031607164203,1.0
2023-05-22,5.8058721,5.85195045,5.75979375,5.81508777,43067890.0,6.296448833922441,1.0
2023-05-23,5.82430344,5.83351911,5.72293107,5.73214674,60021540.0,6.254564748421983,1.0
2023-05-24,5.72293107,5.75057808,5.65842138,5.66763705,64202496.0,6.189913855685611,1.0
2023-05-25,5.65842138,5.70449973,5.61234303,5.68606839,54835583.0,6.139032644004168,1.0
2023-05-26,5.69528406,5.73214674,5.66763705,5.69528406,42647729.0,6.183745241628224,1.0
2023-05-29,5.7137154,5.73214674,5.64920571,5.67685272,37161769.0,6.1723817090085245,1.0
2023-05-30,5.66763705,5.72293107,5.63077437,5.7137154,45856712.0,6.150285370656317,1.0
2023-05-31,5.67685272,5.69528406,5.63999004,5.63999004,49093599.0,6.1488273363295285,1.0
2023-06-01,5.63999004,5.74136241,5.63077437,5.68606839,57444201.0,6.176273916665671,1.0
2023-06-02,5.72293107,5.75979375,5.69528406,5.74136241,49740962.0,6.2179589912233695,1.0
2023-06-05,5.75057808,5.75979375,5.67685272,5.69528406,35737346.0,6.195594085805925,1.0
2023-06-06,5.7137154,5.75979375,5.63077437,5.63999004,46697787.0,6.173925327339387,1.0
2023-06-07,5.63999004,5.70449973,5.63999004,5.66763705,30873544.0,6.144448384027438,1.0
2023-06-08,5.65842138,5.73214674,5.61234303,5.70449973,47979651.0,6.160444482599508,1.0
2023-06-09,5.7137154,5.72293107,5.64920571,5.68606839,32705690.0,6.163500927820205,1.0
2023-06-12,5.66763705,5.68606839,5.59391169,5.61234303,58623837.0,6.102971462273956,1.0
2023-06-13,5.63077437,5.65842138,5.6215587,5.64920571,31320875.0,6.120171446998208,1.0
2023-06-14,5.66763705,5.75979375,5.65842138,5.69528406,62314949.0,6.197116586743897,1.0
2023-06-15,5.7137154,5.76900942,5.67685272,5.75979375,64425675.0,6.224367231697611,1.0
2023-06-16,5.75979375,5.85195045,5.73214674,5.84273478,79855549.0,6.2889820141365504,1.0
2023-06-19,5.82430344,5.84273478,5.76900942,5.77822509,47206366.0,6.281418606549804,1.0
2023-06-20,5.77822509,5.81508777,5.75057808,5.75979375,34919719.0,6.269074308702198,1.0
2023-06-21,5.75979375,5.77822509,5.6215587,5.6215587,63028532.0,6.158603648741176,1.0
2023-06-26,5.60312736,5.60312736,5.44646097,5.45567664,72997724.0,5.97005447799989,1.0
2023-06-27,5.47410798,5.55704901,5.46489231,5.53861767,30950141.0,5.987933884049187,1.0
2023-06-28,5.529402,5.55704901,5.48332365,5.53861767,24511322.0,5.989307610172964,1.0
2023-06-29,5.529402,5.58469602,5.51097066,5.55704901,27293860.0,6.018863598259828,1.0
2023-06-30,5.55704901,5.66763705,5.55704901,5.63999004,34172033.0,6.108094275222079,1.0
2023-07-03,5.64920571,5.84273478,5.64920571,5.78744076,87476861.0,6.254067999079208,1.0
2023-07-04,5.78744076,5.82430344,5.7137154,5.76900942,45986772.0,6.264193995177569,1.0
2023-07-05,5.75979375,5.78744076,5.72293107,5.75057808,30277057.0,6.238772230735636,1.0
2023-07-06,5.74136241,5.77822509,5.70449973,5.73214674,33862567.0,6.225432053925505,1.0
2023-07-07,5.7137154,5.83351911,5.69528406,5.78744076,55437502.0,6.283395317848196,1.0
2023-07-10,5.8058721,5.84273478,5.76900942,5.81508777,36120163.0,6.306675216277402,1.0
2023-07-11,5.83351911,5.84273478,5.8058721,5.82430344,31862599.0,6.319898550648678,1.0
2023-07-12,5.82430344,5.85195045,5.72293107,5.74136241,40094120.0,6.269976043868777,1.0
2023-07-13,5.76900942,5.86116612,5.76900942,5.84273478,62069094.0,6.334272482533739,1.0
2023-07-14,5.85195045,5.86116612,5.8058721,5.82430344,40577070.0,6.331016839559879,1.0
2023-07-17,5.82430344,5.82430344,5.75979375,5.8058721,25128529.0,6.286777605247009,1.0
2023-07-18,5.81508777,5.85195045,5.79665643,5.81508777,27809380.0,6.3175749574424165,1.0
2023-07-19,5.8058721,5.86116612,5.78744076,5.85195045,32355768.0,6.32777328852154,1.0
2023-07-20,5.87038179,5.88881313,5.8058721,5.8058721,37835086.0,6.344631413022293,1.0
2023-07-21,5.8058721,5.87038179,5.79665643,5.82430344,28505954.0,6.330657936233251,1.0
2023-07-24,5.8058721,5.87038179,5.79665643,5.81508777,24486672.0,6.31780290845567,1.0
2023-07-25,5.97175416,6.0823422,5.94410715,6.05469519,147885109.0,6.538092009317856,1.0
2023-07-26,6.03626385,6.06391086,5.95332282,6.01783251,68120554.0,6.51667561276733,1.0
2023-07-27,6.03626385,6.05469519,5.96253849,5.98096983,50083962.0,6.514749989228088,1.0
2023-07-28,5.96253849,6.42332199,5.95332282,6.3588123,251194045.0,6.777868363798194,1.0
2023-07-31,6.40489065,6.61685106,6.39567498,6.42332199,267475433.0,7.053212296061598,1.0
2023-08-01,6.39567498,6.51547869,6.32194962,6.37724364,154969499.0,6.95590569909502,1.0
2023-08-02,6.39567498,6.52469436,6.3588123,6.40489065,116934791.0,6.987799933896492,1.0
2023-08-03,6.43253766,6.62606673,6.34038096,6.58920405,187674325.0,7.062872299340892,1.0
2023-08-04,6.71822343,6.86567415,6.6352824,6.64449807,311366811.0,7.330977137605074,1.0
2023-08-07,6.5431257,6.68136075,6.50626302,6.65371374,142366512.0,7.162469440214985,1.0
2023-08-08,6.59841972,6.73665477,6.40489065,6.6352824,155631050.0,7.162642033193248,1.0
2023-08-09,6.60763539,6.68136075,6.5431257,6.57077271,93801244.0,7.159800830786423,1.0
2023-08-10,6.59841972,6.70900776,6.57077271,6.69979209,130476442.0,7.219317573282693,1.0
2023-08-11,6.6352824,6.6352824,6.44175333,6.450969,163863451.0,7.074915902631636,1.0
2023-08-14,6.3588123,6.44175333,6.32194962,6.38645931,99256014.0,6.92942123909993,1.0
2023-08-15,6.43253766,6.65371374,6.39567498,6.62606673,178735841.0,7.13064158586973,1.0
2023-08-16,6.52469436,6.7274391,6.43253766,6.57077271,162554355.0,7.14468982636608,1.0
2023-08-17,6.52469436,6.57998838,6.38645931,6.49704735,142742621.0,7.031892453340898,1.0
2023-08-18,6.56155704,6.62606673,6.41410632,6.41410632,104720955.0,7.077524909508321,1.0
2023-08-21,6.3588123,6.42332199,6.20214591,6.20214591,104766853.0,6.833122150762703,1.0
2023-08-22,6.25743993,6.32194962,6.18371457,6.28508694,76809846.0,6.792239247687074,1.0
2023-08-23,6.28508694,6.30351828,6.10998921,6.12842055,73360285.0,6.724244386591464,1.0
2023-08-24,6.16528323,6.29430261,6.14685189,6.20214591,78348441.0,6.754293042665648,1.0
2023-08-25,6.2021454,6.28672011,6.17395383,6.21154259,59689884.0,6.632948034712213,1.0
2023-08-28,6.82235994,6.83175713,6.32430887,6.35250044,265983330.0,6.994952885242846,1.0
2023-08-29,6.34310325,6.37129482,6.1081735,6.24913135,194627907.0,6.625123235847159,1.0
2023-08-30,6.23973416,6.23973416,6.09877631,6.11757069,105086946.0,6.538430291141965,1.0
2023-08-31,6.11757069,6.15515945,6.0142016,6.02359879,78814777.0,6.441033088122548,1.0
2023-09-01,6.06118755,6.08937912,6.0142016,6.04239317,51931335.0,6.4319679234127145,1.0
2023-09-04,6.07058474,6.09877631,5.99540722,6.06118755,73317426.0,6.447433654449354,1.0
2023-09-05,6.04239317,6.05179036,5.98601003,6.00480441,58778665.0,6.393260406815976,1.0
2023-09-06,5.98601003,6.02359879,5.97661284,6.00480441,47940620.0,6.38832815074148,1.0
2023-09-07,6.00480441,6.06118755,5.95781846,5.96721565,59108980.0,6.390495994855604,1.0
2023-09-08,5.96721565,6.04239317,5.93902408,6.00480441,37063467.0,6.371503271671806,1.0
2023-09-11,6.02359879,6.18335102,5.98601003,6.11757069,91090999.0,6.472993897783468,1.0
2023-09-12,6.09877631,6.12696788,6.05179036,6.06118755,35394901.0,6.4723243879111285,1.0
2023-09-13,6.08937912,6.1081735,5.97661284,5.99540722,44804212.0,6.40755801842916,1.0
2023-09-14,5.98601003,6.07998193,5.98601003,6.03299598,46051714.0,6.413132172018614,1.0
2023-09-15,6.06118755,6.07058474,5.96721565,5.99540722,45877096.0,6.401496902070698,1.0
2023-09-18,5.97661284,6.04239317,5.93902408,6.0142016,34576394.0,6.39356673978206,1.0
2023-09-19,6.02359879,6.07058474,6.00480441,6.06118755,47332712.0,6.436569414615414,1.0
2023-09-20,6.05179036,6.08937912,6.02359879,6.05179036,31907397.0,6.45555216334319,1.0
2023-09-21,6.05179036,6.1081735,6.00480441,6.0142016,38481258.0,6.43307491558618,1.0
2023-09-22,6.00480441,6.16455664,5.99540722,6.14576226,69206050.0,6.4974104428731305,1.0
2023-09-25,6.14576226,6.14576226,5.99540722,6.02359879,56724088.0,6.431724402514854,1.0
2023-09-26,6.02359879,6.07998193,6.0142016,6.05179036,31798993.0,6.447632621888372,1.0
2023-09-27,6.05179036,6.08937912,6.04239317,6.06118755,26790033.0,6.453480102842724,1.0
2023-09-28,6.06118755,6.08937912,6.02359879,6.03299598,37484673.0,6.432570402841716,1.0
2023-10-09,6.02359879,6.02359879,5.94842127,5.97661284,43612142.0,6.355774691139913,1.0
2023-10-10,5.99540722,6.16455664,5.98601003,6.04239317,65183598.0,6.477276628240129,1.0
2023-10-11,6.04239317,6.07998193,5.96721565,5.98601003,45968466.0,6.402324173271302,1.0
2023-10-12,6.05179036,6.09877631,6.04239317,6.08937912,46130060.0,6.455815540018807,1.0
2023-10-13,6.04239317,6.05179036,6.0142016,6.03299598,26465683.0,6.419994213638847,1.0
2023-10-16,6.03299598,6.05179036,5.98601003,6.0142016,29395182.0,6.400746938733021,1.0
2023-10-17,6.03299598,6.11757069,5.99540722,6.07058474,47505636.0,6.4539341847775695,1.0
2023-10-18,6.04239317,6.1081735,6.02359879,6.03299598,36222424.0,6.455160761190362,1.0
2023-10-19,6.0142016,6.09877631,5.98601003,5.99540722,50101233.0,6.4243001536509095,1.0
2023-10-20,5.98601003,6.05179036,5.96721565,6.0142016,44281979.0,6.3928787936510245,1.0
2023-10-23,5.99540722,6.00480441,5.85444937,5.91083251,56659868.0,6.299437268720782,1.0
2023-10-24,5.92962689,6.08937912,5.91083251,6.06118755,58758514.0,6.388822697422198,1.0
2023-10-25,6.09877631,6.13636507,6.05179036,6.07998193,59570156.0,6.485768706732949,1.0
2023-10-26,6.06118755,6.1081735,6.04239317,6.09877631,33555431.0,6.473630378939254,1.0
2023-10-27,6.08937912,6.12696788,6.04239317,6.1081735,52087900.0,6.475569189773441,1.0
2023-10-30,5.98601003,5.98601003,5.84505218,5.90143532,137021537.0,6.266442553990618,1.0
2023-10-31,5.87324375,5.9202297,5.83565499,5.86384656,67078146.0,6.243325718483632,1.0
2023-11-01,5.89203813,5.90143532,5.8262578,5.8262578,38916574.0,6.227715084323712,1.0
2023-11-02,5.8262578,5.86384656,5.79806623,5.79806623,35170762.0,6.2046172090328895,1.0
2023-11-03,5.80746342,5.88264094,5.80746342,5.85444937,37981580.0,6.2204402910568755,1.0
2023-11-06,5.96721565,6.09877631,5.92962689,6.08937912,133814284.0,6.4016548497916705,1.0
2023-11-07,6.05179036,6.21154259,6.02359879,6.15515945,96897444.0,6.538181634079017,1.0
2023-11-08,6.13636507,6.17395383,6.03299598,6.07998193,58782497.0,6.485720639087516,1.0
2023-11-09,6.06118755,6.07998193,5.99540722,6.02359879,42475417.0,6.417938138194146,1.0
2023-11-10,6.0142016,6.04239317,5.99540722,6.0142016,35158374.0,6.403427435523611,1.0
2023-11-13,6.03299598,6.04239317,5.95781846,5.98601003,38709956.0,6.367523830303502,1.0
2023-11-14,5.99540722,6.09877631,5.98601003,6.0142016,62986862.0,6.423503085452963,1.0
2023-11-15,6.07058474,6.11757069,6.0142016,6.04239317,59701985.0,6.451431013725926,1.0
2023-11-16,6.02359879,6.06118755,5.99540722,5.99540722,35512936.0,6.407982399709221,1.0
2023-11-17,5.99540722,6.0142016,5.95781846,5.98601003,31233848.0,6.360521228124053,1.0
2023-11-20,5.98601003,5.99540722,5.91083251,5.95781846,40513108.0,6.3261953960678605,1.0
2023-11-21,5.98601003,6.07058474,5.96721565,5.97661284,58938597.0,6.407579859425565,1.0
2023-11-22,5.96721565,5.98601003,5.91083251,5.91083251,29608021.0,6.331324950424752,1.0
2023-11-23,5.91083251,5.94842127,5.89203813,5.93902408,31987038.0,6.299400947658861,1.0
2023-11-24,5.92962689,5.92962689,5.87324375,5.88264094,41502209.0,6.274041598123127,1.0
2023-11-27,5.88264094,5.88264094,5.79806623,5.8262578,43727703.0,6.192377219311063,1.0
2023-11-28,5.8262578,5.83565499,5.77927185,5.81686061,33720460.0,6.182933332463437,1.0
2023-11-29,5.81686061,5.8262578,5.71349152,5.72288871,50341738.0,6.122541102573773,1.0
2023-11-30,5.72288871,5.75108028,5.68529995,5.71349152,40389953.0,6.088613218737838,1.0
2023-12-01,5.72288871,5.74168309,5.65710838,5.7322859,46315042.0,6.0665652236696666,1.0
2023-12-04,5.7322859,5.76047747,5.70409433,5.72288871,36601089.0,6.09301906126345,1.0
2023-12-05,5.70409433,5.72288871,5.638314,5.638314,40031998.0,6.043336491723446,1.0
2023-12-06,5.638314,5.66650557,5.61951962,5.61951962,31733347.0,6.000734481616452,1.0
2023-12-07,5.62891681,5.66650557,5.59132805,5.638314,29290819.0,5.9952432521603445,1.0
2023-12-08,5.64771119,5.66650557,5.61012243,5.61012243,32058615.0,5.995707408133508,1.0
2023-12-11,5.60072524,5.70409433,5.52554772,5.69469714,53332400.0,5.965227171287997,1.0
2023-12-12,5.67590276,5.71349152,5.65710838,5.69469714,30198273.0,6.047891317493554,1.0
2023-12-13,5.69469714,5.69469714,5.61951962,5.62891681,30944890.0,6.012949464031057,1.0
2023-12-14,5.65710838,5.66650557,5.60072524,5.61012243,20721087.0,5.991485798500822,1.0
2023-12-15,5.62891681,5.66650557,5.59132805,5.60072524,26856204.0,5.985677636720364,1.0
2023-12-18,5.61012243,5.62891681,5.55373929,5.57253367,25984244.0,5.94601331291378,1.0
2023-12-19,5.56313648,5.58193086,5.48795896,5.5443421,35023492.0,5.891243069366127,1.0
2023-12-20,5.53494491,5.55373929,5.40338425,5.41278144,40573262.0,5.82004658856367,1.0
2023-12-21,5.41278144,5.4503702,5.39398706,5.43157582,31873786.0,5.7737204080494235,1.0
2023-12-22,5.43157582,5.47856177,5.40338425,5.43157582,31163300.0,5.788569302031556,1.0
2023-12-25,5.42217863,5.4503702,5.39398706,5.40338425,19986573.0,5.765907422948397,1.0
2023-12-26,5.40338425,5.42217863,5.30941235,5.32820673,24303856.0,5.696545963735137,1.0
2023-12-27,5.33760392,5.41278144,5.30001516,5.39398706,29706254.0,5.708601571238164,1.0
2023-12-28,5.39398706,5.53494491,5.37519268,5.50675334,43228285.0,5.832746209339557,1.0
2023-12-29,5.50675334,5.56313648,5.50675334,5.51615053,29794291.0,5.883921179396415,1.0
2024-01-02,5.51615053,5.52554772,5.4503702,5.45976739,32598108.0,5.840515942213579,1.0
2024-01-03,5.4503702,5.48795896,5.43157582,5.46916458,25697514.0,5.812998396654245,1.0
2024-01-04,5.45976739,5.47856177,5.36579549,5.42217863,31327834.0,5.746228404108627,1.0
2024-01-05,5.39398706,5.45976739,5.3563983,5.37519268,28943345.0,5.759817993739149,1.0
2024-01-08,5.3563983,5.37519268,5.28122078,5.29061797,30574299.0,5.659198761024742,1.0
2024-01-09,5.29061797,5.31880954,5.21544045,5.21544045,43806233.0,5.598742860861832,1.0
2024-01-10,5.20604326,5.2624264,5.1684545,5.19664607,25293492.0,5.543772211049387,1.0
2024-01-11,5.19664607,5.25302921,5.18724888,5.23423483,34769941.0,5.55926120697185,1.0
2024-01-12,5.22483764,5.25302921,5.14966012,5.14966012,37696402.0,5.53109342000332,1.0
2024-01-15,5.12146855,5.14966012,5.05568822,5.0744826,53129514.0,5.421642692986049,1.0
2024-01-16,5.05568822,5.13086574,5.03689384,5.13086574,51120763.0,5.409365643466629,1.0
2024-01-17,5.11207136,5.15905731,5.06508541,5.0744826,42566736.0,5.460113783448183,1.0
2024-01-18,5.05568822,5.17785169,4.93352475,5.1684545,69077680.0,5.355722710287896,1.0
2024-01-19,5.14026293,5.14966012,5.06508541,5.13086574,41654985.0,5.439499710298779,1.0
2024-01-22,5.11207136,5.1684545,4.92412756,4.9805107,68758954.0,5.378822415186828,1.0
2024-01-23,4.96171632,5.10267417,4.91473037,5.0744826,53940033.0,5.342497141594259,1.0
2024-01-24,5.09327698,5.29061797,5.00870227,5.25302921,78885129.0,5.473605128414,1.0
2024-01-25,5.22483764,5.33760392,5.1684545,5.30941235,76831566.0,5.603860147793942,1.0
2024-01-26,5.28122078,5.33760392,5.25302921,5.29061797,59762143.0,5.629121480298991,1.0
2024-01-29,5.28122078,5.31880954,5.22483764,5.2624264,53311062.0,5.604433740412075,1.0
2024-01-30,5.22483764,5.29061797,5.18724888,5.19664607,52237702.0,5.564310174861827,1.0
2024-01-31,5.1684545,5.20604326,5.0744826,5.12146855,54012008.0,5.47375149559335,1.0
2024-02-01,5.0744826,5.18724888,5.05568822,5.10267417,47841644.0,5.447427452952913,1.0
2024-02-02,5.11207136,5.14966012,4.78316971,4.97111351,67332201.0,5.304943534075174,1.0
2024-02-05,4.97111351,5.00870227,4.77377252,4.8865388,70885490.0,5.214865962977755,1.0
2024-02-06,4.86774442,5.1684545,4.83015566,5.14026293,65216930.0,5.354161704637124,1.0
2024-02-07,5.1684545,5.25302921,5.15905731,5.24363202,84381592.0,5.549023715267188,1.0
2024-02-08,5.27182359,5.32820673,5.24363202,5.30001516,76857023.0,5.624986657237557,1.0
2024-02-19,5.30001516,5.30941235,5.18724888,5.2624264,56040877.0,5.582291018750474,1.0
2024-02-20,5.2624264,5.32820673,5.22483764,5.30001516,54821485.0,5.617679125255362,1.0
2024-02-21,5.27182359,5.45976739,5.25302921,5.3563983,78169331.0,5.724044002756017,1.0
2024-02-22,5.34700111,5.42217863,5.32820673,5.40338425,50640765.0,5.719951859337038,1.0
2024-02-23,5.40338425,5.4503702,5.37519268,5.42217863,43730276.0,5.760733847643678,1.0
2024-02-26,5.40338425,5.43157582,5.3563983,5.36579549,42735937.0,5.743563623748322,1.0
2024-02-27,5.3563983,5.43157582,5.34700111,5.43157582,50611238.0,5.729494168073897,1.0
2024-02-28,5.44097301,5.56313648,5.36579549,5.36579549,101068430.0,5.846573191252699,1.0
2024-02-29,5.3563983,5.46916458,5.33760392,5.45976739,61390879.0,5.760485497853843,1.0
2024-03-01,5.4503702,5.50675334,5.43157582,5.49735615,51508174.0,5.823137200126721,1.0
2024-03-04,5.47856177,5.50675334,5.43157582,5.46916458,41294329.0,5.814442240725112,1.0
2024-03-05,5.4503702,5.47856177,5.42217863,5.44097301,43041889.0,5.799249373557931,1.0
2024-03-06,5.4503702,5.48795896,5.40338425,5.42217863,38421134.0,5.795868338243218,1.0
2024-03-07,5.43157582,5.50675334,5.38458987,5.41278144,51562970.0,5.7951606317479385,1.0
2024-03-08,5.38458987,5.43157582,5.3563983,5.38458987,36170226.0,5.73120868777541,1.0
2024-03-11,5.37519268,5.4503702,5.36579549,5.4503702,45069980.0,5.753041047056156,1.0
2024-03-12,5.47856177,5.48795896,5.41278144,5.4503702,49825410.0,5.797851774626642,1.0
2024-03-13,5.4503702,5.45976739,5.38458987,5.40338425,30257235.0,5.757768846360218,1.0
2024-03-14,5.38458987,5.42217863,5.32820673,5.34700111,35795077.0,5.715513565734193,1.0
2024-03-15,5.34700111,5.38458987,5.31880954,5.38458987,29252558.0,5.694526810612596,1.0
2024-03-18,5.41278144,5.52554772,5.40338425,5.48795896,59892676.0,5.817470474019228,1.0
2024-03-19,5.48795896,5.48795896,5.39398706,5.40338425,34470364.0,5.784470640634953,1.0
2024-03-20,5.41278144,5.43157582,5.36579549,5.40338425,32514739.0,5.742356536523329,1.0
2024-03-21,5.41278144,5.45976739,5.37519268,5.40338425,42891687.0,5.7665165559937055,1.0
2024-03-22,5.39398706,5.40338425,5.29061797,5.30941235,46490310.0,5.679248280555669,1.0
2024-03-25,5.2624264,5.28122078,5.1684545,5.17785169,48901062.0,5.561382632957951,1.0
2024-03-26,5.1684545,5.20604326,5.13086574,5.18724888,37534041.0,5.500719958450516,1.0
2024-03-27,5.17785169,5.17785169,5.08387979,5.08387979,36907133.0,5.4665632315574335,1.0
2024-03-28,5.09327698,5.15905731,5.08387979,5.10267417,35117446.0,5.442394361480615,1.0
2024-03-29,5.09327698,5.12146855,5.08387979,5.11207136,32251580.0,5.4267297608365235,1.0
2024-04-01,5.18724888,5.22483764,5.15905731,5.21544045,43955138.0,5.5310407839010765,1.0
2024-04-02,5.21544045,5.27182359,5.19664607,5.21544045,39824216.0,5.568613079037137,1.0
2024-04-03,5.20604326,5.25302921,5.17785169,5.18724888,26297199.0,5.5384632272053,1.0
2024-04-08,5.15905731,5.17785169,5.10267417,5.11207136,30236690.0,5.4690552166920385,1.0
2024-04-09,5.11207136,5.19664607,5.11207136,5.1684545,29001300.0,5.485393690972474,1.0
2024-04-10,5.15905731,5.17785169,5.04629103,5.06508541,30249856.0,5.426102870704574,1.0
2024-04-11,5.05568822,5.13086574,5.04629103,5.0744826,26101150.0,5.417864461910682,1.0
2024-04-12,5.08387979,5.09327698,4.98990789,4.99930508,34758368.0,5.352968410369555,1.0
2024-04-15,5.00870227,5.14966012,4.97111351,5.11207136,52449826.0,5.406446947412181,1.0
2024-04-16,5.08387979,5.12146855,5.03689384,5.04629103,41685540.0,5.400870497779326,1.0
2024-04-17,5.06508541,5.11207136,5.01809946,5.11207136,42149358.0,5.395115968788896,1.0
2024-04-18,5.09327698,5.21544045,5.0744826,5.15905731,45175055.0,5.4865417859480194,1.0
2024-04-19,5.15905731,5.18724888,5.13086574,5.14026293,27557179.0,5.483689844668063,1.0
2024-04-22,5.13086574,5.18724888,5.11207136,5.14026293,25032260.0,5.477074189865397,1.0
2024-04-23,5.14026293,5.1684545,5.11207136,5.14026293,24743315.0,5.47186280011389,1.0
2024-04-24,5.15905731,5.15905731,5.12146855,5.14026293,21872078.0,5.4645731320087645,1.0
2024-04-25,5.13086574,5.15905731,5.10267417,5.11207136,21429001.0,5.45532174225014,1.0
2024-04-26,5.19664607,5.38458987,5.17785169,5.37519268,104202326.0,5.618660367331915,1.0
2024-04-29,5.3563983,5.47856177,5.33760392,5.40338425,101672554.0,5.761639039676332,1.0
2024-04-30,5.37519268,5.38458987,5.23423483,5.25302921,81855240.0,5.6246013237515395,1.0
2024-05-06,5.30941235,5.34700111,5.24363202,5.25302921,69145041.0,5.626745920795679,1.0
2024-05-07,5.2624264,5.2624264,5.20604326,5.24363202,44264094.0,5.569960615933989,1.0
2024-05-08,5.23423483,5.24363202,5.18724888,5.19664607,32090885.0,5.54256744711154,1.0
2024-05-09,5.19664607,5.25302921,5.18724888,5.22483764,33797961.0,5.565693231612404,1.0
2024-05-10,5.23423483,5.29061797,5.22483764,5.2624264,43787412.0,5.592176363380417,1.0
2024-05-13,5.27182359,5.31880954,5.20604326,5.27182359,47173207.0,5.593430691070039,1.0
2024-05-14,5.2624264,5.33760392,5.23423483,5.31880954,52780868.0,5.624084357991233,1.0
2024-05-15,5.3563983,5.3563983,5.19664607,5.19664607,66869405.0,5.577810654214733,1.0
2024-05-16,5.20604326,5.24363202,5.17785169,5.17785169,42133620.0,5.539557825793274,1.0
2024-05-17,5.17785169,5.24363202,5.1684545,5.23423483,42682051.0,5.539316961595871,1.0
2024-05-20,5.22483764,5.32820673,5.22483764,5.2624264,71295018.0,5.62389375678396,1.0
2024-05-21,5.24363202,5.27182359,5.20604326,5.22483764,39478691.0,5.569571231477761,1.0
2024-05-22,5.23423483,5.2624264,5.19664607,5.23423483,32060963.0,5.570292101643983,1.0
2024-05-23,5.22483764,5.23423483,5.13086574,5.14026293,47417939.0,5.506643764715291,1.0
2024-05-24,5.14026293,5.15905731,5.0744826,5.0744826,37508326.0,5.438102779633514,1.0
2024-05-27,5.09327698,5.10267417,5.03689384,5.09327698,37860012.0,5.387342792178724,1.0
2024-05-28,5.0744826,5.10267417,5.03689384,5.04629103,25150661.0,5.387249542666095,1.0
2024-05-29,5.04629103,5.09327698,5.02749665,5.03689384,23780544.0,5.3805868570542374,1.0
2024-05-30,5.02749665,5.05568822,5.01809946,5.03689384,23848363.0,5.356506717043849,1.0
2024-05-31,5.04629103,5.0744826,5.02749665,5.03689384,23809577.0,5.367269944358944,1.0
2024-06-03,5.03689384,5.04629103,4.9805107,5.01809946,37494825.0,5.329748872544411,1.0
2024-06-04,4.99930508,5.04629103,4.98990789,5.02749665,26225592.0,5.346339943060198,1.0
2024-06-05,5.02749665,5.03689384,4.98990789,4.99930508,25067634.0,5.334148471690627,1.0
2024-06-06,4.99930508,5.00870227,4.89593599,4.90533318,41916587.0,5.260967698777574,1.0
2024-06-07,4.92412756,4.94292194,4.82075847,4.89593599,37600928.0,5.192628539646681,1.0
2024-06-11,4.87714161,4.93352475,4.85834723,4.89593599,25967925.0,5.219686179007372,1.0
2024-06-12,4.90533318,4.91473037,4.8865388,4.8865388,20291499.0,5.214651412396886,1.0
2024-06-13,4.89593599,4.90533318,4.84895004,4.86774442,22016285.0,5.187740651522271,1.0
2024-06-14,4.86774442,4.99930508,4.85834723,4.95231913,54483797.0,5.2389785291579445,1.0
2024-06-17,4.93352475,4.96171632,4.90533318,4.93352475,32323955.0,5.249334568433844,1.0
2024-06-18,4.93352475,4.9805107,4.92412756,4.97111351,25004867.0,5.281524178472935,1.0
2024-06-19,4.97111351,4.9805107,4.94292194,4.94292194,19389662.0,5.275347736334961,1.0
2024-06-20,4.93352475,4.95231913,4.86774442,4.89593599,29879196.0,5.211895725038921,1.0
2024-06-21,4.90533318,4.94292194,4.89593599,4.93352475,24683410.0,5.240640405843439,1.0
2024-06-24,4.94292194,4.95231913,4.8865388,4.92412756,29908744.0,5.24062869306715,1.0
2024-06-25,4.92412756,4.92412756,4.7925669,4.83015566,43805397.0,5.162042041303723,1.0
2024-06-26,4.83015566,4.86774442,4.7925669,4.84895004,34882228.0,5.1419132800232825,1.0
2024-06-27,4.83015566,4.83955285,4.7925669,4.81136128,27935412.0,5.120753444051586,1.0
2024-06-28,4.82075847,4.85834723,4.72678657,4.75497814,43047196.0,5.10850354480696,1.0
2024-07-01,4.74558095,4.75497814,4.67980062,4.73618376,32166151.0,5.022190213557102,1.0
2024-07-02,4.73618376,4.77377252,4.71738938,4.73618376,22993095.0,5.050565403657054,1.0
2024-07-03,4.73618376,4.77377252,4.71738938,4.75497814,20429620.0,5.058473304936656,1.0
2024-07-04,4.76437533,4.77377252,4.68919781,4.68919781,25765838.0,5.0198712372560905,1.0
2024-07-05,4.70799219,4.74558095,4.65160905,4.70799219,25239823.0,5.000585357908413,1.0
2024-07-08,4.698595,4.70799219,4.54823996,4.56703434,37691164.0,4.903547188142027,1.0
2024-07-09,4.56703434,4.62341748,4.52944558,4.61402029,35386066.0,4.879452731196511,1.0
2024-07-10,4.6046231,4.67040343,4.56703434,4.6046231,27545382.0,4.919504807738734,1.0
2024-07-11,4.64221186,4.698595,4.64221186,4.68919781,32499422.0,4.976724164202058,1.0
2024-07-12,4.68919781,4.71738938,4.67040343,4.68919781,17784355.0,4.987952838323347,1.0
2024-07-15,4.67040343,4.698595,4.67040343,4.68919781,15090747.0,4.987586601246447,1.0
2024-07-16,4.68919781,4.74558095,4.67040343,4.73618376,26120130.0,5.031957968432776,1.0
2024-07-17,4.73618376,4.83955285,4.72678657,4.81136128,41973409.0,5.105105472848297,1.0
2024-07-18,4.81136128,4.87714161,4.76437533,4.87714161,44343283.0,5.1391578663672695,1.0
2024-07-19,4.86774442,4.90533318,4.84895004,4.8865388,38657110.0,5.197401320222852,1.0
2024-07-22,4.8865388,4.93352475,4.84895004,4.8865388,41278741.0,5.206681384735062,1.0
2024-07-23,4.8865388,4.92412756,4.81136128,4.82075847,29279760.0,5.178107988248538,1.0
2024-07-24,4.80196409,4.84895004,4.77377252,4.80196409,26588955.0,5.118160017947302,1.0
2024-07-25,4.7925669,4.86774442,4.7925669,4.84895004,29034494.0,5.156161403053899,1.0
2024-07-26,4.86774442,4.96171632,4.84895004,4.90533318,34211848.0,5.224250039927688,1.0
2024-07-29,4.89593599,4.95231913,4.87714161,4.91473037,22499469.0,5.242312024786007,1.0
2024-07-30,4.90533318,4.97111351,4.89593599,4.95231913,31290672.0,5.259995038457467,1.0
2024-07-31,4.96171632,5.18724888,4.95231913,5.13086574,91475942.0,5.429094094598119,1.0
2024-08-01,5.12146855,5.15905731,5.10267417,5.12146855,50519496.0,5.45293509618544,1.0
2024-08-02,5.10267417,5.14026293,5.04629103,5.05568822,37289305.0,5.4186683339901345,1.0
2024-08-05,5.03689384,5.11207136,5.01809946,5.01809946,37297646.0,5.3811038846794785,1.0
2024-08-06,5.04629103,5.08387979,4.9805107,5.01809946,26431428.0,5.342416736999605,1.0
2024-08-07,5.01809946,5.02749665,4.96171632,4.9805107,22288127.0,5.308112093941317,1.0
2024-08-08,4.9805107,5.04629103,4.96171632,4.9805107,29508850.0,5.315435921765843,1.0
2024-08-09,5.00870227,5.02749665,4.93352475,4.93352475,22968439.0,5.287519028176011,1.0
2024-08-12,4.92412756,4.94292194,4.89593599,4.92412756,18519911.0,5.235677829121317,1.0
2024-08-13,4.92412756,4.96171632,4.86774442,4.95231913,27310530.0,5.230923610783093,1.0
2024-08-14,4.93352475,4.97111351,4.91473037,4.93352475,19975382.0,5.261984759039902,1.0
2024-08-15,4.92412756,5.00870227,4.91473037,4.94292194,32891362.0,5.275545024556903,1.0
2024-08-16,4.96171632,4.97111351,4.90533318,4.92412756,24300393.0,5.250175542839987,1.0
2024-08-19,4.90533318,4.96171632,4.89593599,4.93352475,19519062.0,5.254240352328406,1.0
2024-08-20,4.95231913,4.95231913,4.84895004,4.85834723,25989344.0,5.197672225970766,1.0
2024-08-21,4.87751286,4.91584302,4.82960016,4.8391827,29238468.0,5.083636557838803,1.0
2024-08-22,4.85834778,4.87751286,4.80085254,4.81043508,28211391.0,5.047436749928424,1.0
2024-08-23,4.82001762,4.8870954,4.79127,4.85834778,22572136.0,5.050208096389283,1.0
2024-08-26,4.8391827,4.92542556,4.8391827,4.90626048,22836129.0,5.108647960869375,1.0
2024-08-27,4.90626048,4.91584302,4.85834778,4.89667794,17494457.0,5.100831420489358,1.0
2024-08-28,4.87751286,4.9350081,4.85834778,4.89667794,18050063.0,5.1161462915669595,1.0
2024-08-29,4.89667794,4.94459064,4.87751286,4.87751286,22918760.0,5.126190579245997,1.0
2024-08-30,4.8870954,4.99250334,4.86793032,4.95417318,43323396.0,5.176415759974126,1.0
2024-09-02,4.94459064,4.95417318,4.85834778,4.86793032,30736788.0,5.115805717565544,1.0
2024-09-03,4.86793032,4.96375572,4.85834778,4.91584302,26696120.0,5.138729901948299,1.0
2024-09-04,4.91584302,4.94459064,4.86793032,4.87751286,21080059.0,5.114721144755809,1.0
2024-09-05,4.87751286,4.95417318,4.86793032,4.9350081,20323193.0,5.12889136711933,1.0
2024-09-06,5.01166842,5.04999858,4.9350081,4.94459064,43656172.0,5.208253218353638,1.0
2024-09-09,4.90626048,4.99250334,4.90626048,4.91584302,25229649.0,5.161528016897897,1.0
2024-09-10,4.94459064,4.94459064,4.82001762,4.8870954,25777169.0,5.076688452482893,1.0
2024-09-11,4.87751286,4.90626048,4.84876524,4.8870954,14812523.0,5.096537178035099,1.0
2024-09-12,4.8870954,4.92542556,4.86793032,4.91584302,19547524.0,5.115640298996436,1.0
2024-09-13,4.91584302,4.95417318,4.89667794,4.90626048,18977427.0,5.137161758019146,1.0
2024-09-18,4.91584302,4.92542556,4.8391827,4.90626048,21318104.0,5.0935380196099995,1.0
2024-09-19,4.91584302,5.00208588,4.87751286,4.97333826,32034541.0,5.166966063912075,1.0
2024-09-20,4.96375572,5.02125096,4.94459064,5.00208588,33346090.0,5.1989128701445955,1.0
2024-09-23,5.01166842,5.0308335,4.9829208,5.01166842,19441290.0,5.22334969027261,1.0
2024-09-24,5.04999858,5.2224843,5.02125096,5.2224843,94827137.0,5.3845447232051304,1.0
2024-09-25,5.28956208,5.45246526,5.28956208,5.3183097,141509798.0,5.5971168504529984,1.0
2024-09-26,5.29914462,5.56745574,5.27997954,5.56745574,141532833.0,5.672538646492012,1.0
2024-09-27,5.7016113,5.9411748,5.6057859,5.9411748,128751486.0,6.00392630427582,1.0
2024-09-30,6.43946688,6.53529228,6.1807383,6.53529228,406848738.0,6.729172652195864,1.0
2024-10-08,7.186905,7.186905,6.76527324,7.186905,376828546.0,7.422312662693022,1.0
2024-10-09,6.9952542,7.17732246,6.4682145,6.4682145,459455286.0,7.0699491387938895,1.0
2024-10-10,6.47779704,6.65028276,6.14240814,6.25739862,244133167.0,6.588287580974199,1.0
2024-10-11,6.1328256,6.25739862,5.9890875,6.06574782,174275710.0,6.395235858169793,1.0
2024-10-14,6.09449544,6.11366052,5.86451448,6.05616528,153641174.0,6.264550099311269,1.0
2024-10-15,6.01783512,6.07533036,5.90284464,5.90284464,92409810.0,6.255906743991791,1.0
2024-10-16,5.83576686,6.02741766,5.81660178,5.92200972,105103210.0,6.172232558073155,1.0
2024-10-17,5.9411748,6.05616528,5.88367956,5.90284464,120207590.0,6.239005146347248,1.0
2024-10-18,5.90284464,6.42988434,5.83576686,6.19990338,216557311.0,6.370918604682896,1.0
2024-10-21,6.1328256,6.15199068,6.02741766,6.09449544,137007082.0,6.361317021042752,1.0
2024-10-22,6.0849129,6.1328256,6.04658274,6.10407798,80576782.0,6.351296232952068,1.0
2024-10-23,6.11366052,6.20948592,6.06574782,6.10407798,105228537.0,6.405994620926831,1.0
2024-10-24,6.07533036,6.11366052,6.01783512,6.07533036,77190635.0,6.323721428512669,1.0
2024-10-25,6.07533036,6.1807383,6.06574782,6.14240814,84527205.0,6.395051688743288,1.0
2024-10-28,6.11366052,6.15199068,6.09449544,6.14240814,66742628.0,6.387371515098267,1.0
2024-10-29,6.17115576,6.59278752,6.06574782,6.24781608,235729352.0,6.532749227766935,1.0
2024-10-30,6.16157322,6.26698116,6.10407798,6.19990338,169249658.0,6.43645001126088,1.0
2024-10-31,6.12324306,6.38197164,6.0849129,6.26698116,208167981.0,6.544458095311017,1.0
2024-11-01,6.25739862,6.31489386,6.14240814,6.15199068,147388398.0,6.496949972140955,1.0
2024-11-04,6.26698116,6.36280656,6.20948592,6.36280656,147377494.0,6.571468544376254,1.0
2024-11-05,6.39155418,6.63111768,6.29572878,6.62153514,260738405.0,6.810204752729081,1.0
2024-11-06,6.64070022,6.77485578,6.50654466,6.54487482,214259427.0,6.90055053488965,1.0
2024-11-07,6.45863196,7.00483674,6.42988434,6.9473415,310341189.0,7.0511958327903415,1.0
2024-11-08,7.02400182,7.0910796,6.707778,6.73652562,230318615.0,7.141000096062578,1.0
2024-11-11,6.707778,6.7556907,6.6119526,6.69819546,134205084.0,6.961463713103447,1.0
2024-11-12,6.707778,6.74610816,6.4682145,6.52570974,141838632.0,6.898123496636657,1.0
2024-11-13,6.47779704,6.55445736,6.38197164,6.49696212,123120692.0,6.744841262425653,1.0
2024-11-14,6.48737958,6.55445736,6.33405894,6.39155418,101360096.0,6.747997227626935,1.0
2024-11-15,6.40113672,6.48737958,6.228651,6.23823354,96347513.0,6.6274921788588355,1.0
2024-11-18,6.23823354,6.3244764,6.15199068,6.19032084,84968661.0,6.507619527274885,1.0
2024-11-19,6.20948592,6.2765637,6.14240814,6.25739862,73743550.0,6.480129580959962,1.0
2024-11-20,6.228651,6.30531132,6.19032084,6.26698116,67843161.0,6.529404106775036,1.0
2024-11-21,6.25739862,6.34364148,6.23823354,6.29572878,69671648.0,6.563158617835479,1.0
2024-11-22,6.29572878,6.31489386,6.00825258,6.02741766,86817036.0,6.431042644902091,1.0
2024-11-25,6.05616528,6.05616528,5.92200972,6.01783512,57504422.0,6.263464349576455,1.0
2024-11-26,5.99867004,6.11366052,5.9890875,6.04658274,47640441.0,6.319842303097069,1.0
2024-11-27,6.0370002,6.15199068,6.00825258,6.1328256,66155938.0,6.351880477758474,1.0
2024-11-28,6.15199068,6.17115576,6.05616528,6.07533036,75228543.0,6.368524049442245,1.0
2024-11-29,6.07533036,6.31489386,6.04658274,6.17115576,116752200.0,6.444347315339668,1.0
2024-12-02,6.1328256,6.24781608,6.1328256,6.21906846,80870366.0,6.474495970501729,1.0
2024-12-03,6.19990338,6.26698116,6.14240814,6.23823354,71725471.0,6.4652774195097304,1.0
2024-12-04,6.21906846,6.30531132,6.16157322,6.19990338,70417379.0,6.511746874589013,1.0
2024-12-05,6.1807383,6.25739862,6.17115576,6.23823354,49565902.0,6.49026267069648,1.0
2024-12-06,6.228651,6.34364148,6.19990338,6.26698116,123984701.0,6.548001333487105,1.0
2024-12-09,6.25739862,6.28614624,6.16157322,6.20948592,73268840.0,6.494910037472956,1.0
2024-12-10,6.47779704,6.5161272,6.23823354,6.25739862,151776024.0,6.634575481961499,1.0
2024-12-11,6.24781608,6.28614624,6.228651,6.25739862,61673444.0,6.53194481761064,1.0
2024-12-12,6.24781608,6.40113672,6.21906846,6.33405894,107654265.0,6.589275999515672,1.0
2024-12-13,6.29572878,6.29572878,6.19032084,6.20948592,95605172.0,6.509658263571766,1.0
2024-12-16,6.19990338,6.21906846,6.11366052,6.12324306,59647246.0,6.423782547646877,1.0
2024-12-17,6.1328256,6.17115576,6.09449544,6.11366052,56579379.0,6.397045391219299,1.0
2024-12-18,6.1328256,6.1807383,6.11366052,6.14240814,39694373.0,6.4100417545328146,1.0
2024-12-19,6.09449544,6.1328256,6.02741766,6.12324306,52871302.0,6.345286251509373,1.0
2024-12-20,6.11366052,6.1807383,6.11366052,6.15199068,46102916.0,6.416514927602411,1.0
2024-12-23,6.12324306,6.1807383,6.0370002,6.04658274,46874520.0,6.371703587791406,1.0
2024-12-24,6.05616528,6.17115576,6.04658274,6.16157322,51715887.0,6.383518872643527,1.0
2024-12-25,6.16157322,6.17115576,6.07533036,6.1328256,82236659.0,6.401739109197031,1.0
2024-12-26,6.1328256,6.17115576,6.11366052,6.14240814,36462509.0,6.40777721988358,1.0
2024-12-27,6.15199068,6.31489386,6.14240814,6.21906846,91441611.0,6.508409246092569,1.0
2024-12-30,6.21906784,6.28645712,6.18055968,6.26720304,50196608.0,6.477887438728928,1.0
2024-12-31,6.26720304,6.27683008,6.02652704,6.02652704,76172078.0,6.362435360237908,1.0
2025-01-02,6.03615408,6.05540816,5.6799536,5.74734288,99835472.0,6.067298376372678,1.0
2025-01-03,5.76659696,5.776224,5.60293728,5.6318184,69525249.0,5.910690716835837,1.0
2025-01-06,5.62219136,5.65107248,5.56442912,5.62219136,44163210.0,5.82733331453941,1.0
2025-01-07,5.6318184,5.67032656,5.56442912,5.65107248,37489888.0,5.839762301770547,1.0
2025-01-08,5.62219136,5.65107248,5.50666688,5.62219136,47820240.0,5.7941690623049995,1.0
2025-01-09,5.60293728,5.6318184,5.57405616,5.5836832,29007559.0,5.817626228046283,1.0
2025-01-10,5.59331024,5.6318184,5.50666688,5.50666688,34216543.0,5.76976831820795,1.0
2025-01-13,5.46815872,5.54517504,5.44890464,5.535548,31223545.0,5.723185096054916,1.0
2025-01-14,5.55480208,5.71846176,5.535548,5.69920768,63005865.0,5.877667698713445,1.0
2025-01-15,5.6799536,5.7280888,5.66069952,5.70883472,38160400.0,5.922495903082777,1.0
2025-01-16,5.7280888,5.79547808,5.6799536,5.7280888,36242580.0,5.961837495564609,1.0
2025-01-17,5.70883472,5.776224,5.70883472,5.73771584,32090385.0,5.967978203128445,1.0
2025-01-20,5.776224,5.83398624,5.75696992,5.79547808,40310048.0,6.030739219164413,1.0
2025-01-21,5.84361328,5.84361328,5.74734288,5.776224,35316875.0,6.0105687813545225,1.0
2025-01-22,5.79547808,5.79547808,5.66069952,5.75696992,36478618.0,5.940310431716465,1.0
2025-01-23,5.80510512,5.9206296,5.78585104,5.80510512,59620025.0,6.085214826897507,1.0
2025-01-24,5.79547808,5.8724944,5.78585104,5.85324032,40191841.0,6.06523556783577,1.0
2025-01-27,5.85324032,5.8724944,5.74734288,5.74734288,36411631.0,6.027334936465769,1.0
2025-02-05,5.776224,5.80510512,5.73771584,5.776224,36397493.0,6.001425918812595,1.0
2025-02-06,5.75696992,5.80510512,5.69920768,5.78585104,58223754.0,5.980202126953202,1.0
2025-02-07,5.78585104,5.9687648,5.76659696,5.89174848,81925317.0,6.105945891549006,1.0
2025-02-10,5.89174848,5.94951072,5.8724944,5.9206296,48744983.0,6.145209233327664,1.0
2025-02-11,5.93988368,5.93988368,5.85324032,5.89174848,33238904.0,6.107837981661489,1.0
2025-02-12,5.88212144,5.95913776,5.85324032,5.94951072,46825255.0,6.1291302210740755,1.0
2025-02-13,5.93988368,5.98801888,5.90137552,5.91100256,56231512.0,6.16395342241553,1.0
2025-02-14,5.91100256,5.95913776,5.88212144,5.93988368,41005095.0,6.156072341985795,1.0
2025-02-17,5.99764592,6.00727296,5.91100256,5.93025664,43499561.0,6.179736447914957,1.0
2025-02-18,5.93988368,5.93988368,5.78585104,5.80510512,49135767.0,6.087470970586457,1.0
2025-02-19,5.80510512,5.86286736,5.776224,5.8243592,43014445.0,6.0433547618712735,1.0
2025-02-20,5.80510512,5.8243592,5.75696992,5.776224,37689233.0,6.011456125944511,1.0
2025-02-21,5.78585104,5.9206296,5.73771584,5.89174848,84547985.0,6.075014517140769,1.0
2025-02-24,5.8724944,5.90137552,5.81473216,5.85324032,49210938.0,6.086955714601497,1.0
2025-02-25,5.8243592,5.8243592,5.73771584,5.76659696,49423273.0,6.006784256073044,1.0
2025-02-26,5.75696992,5.88212144,5.75696992,5.8724944,62037888.0,6.032556588322285,1.0
2025-02-27,5.84361328,5.90137552,5.776224,5.86286736,67847202.0,6.067812122303879,1.0
2025-02-28,5.84361328,5.9206296,5.7280888,5.75696992,70328917.0,6.027513077017808,1.0
2025-03-03,5.776224,5.78585104,5.68958064,5.71846176,56341178.0,5.964751768236014,1.0
2025-03-04,5.68958064,5.73771584,5.68958064,5.71846176,32565333.0,5.940215380263423,1.0
2025-03-05,5.71846176,5.73771584,5.67032656,5.71846176,42349841.0,5.925133232259361,1.0
2025-03-06,5.74734288,5.8243592,5.71846176,5.81473216,72639825.0,6.013605283603037,1.0
2025-03-07,5.79547808,5.80510512,5.73771584,5.74734288,46566757.0,5.992731608945841,1.0
2025-03-10,5.7280888,5.75696992,5.68958064,5.70883472,37203370.0,5.933488576975687,1.0
2025-03-11,5.6799536,5.7280888,5.66069952,5.7280888,33669113.0,5.913682205408856,1.0
2025-03-12,5.7280888,5.8243592,5.70883472,5.776224,51844329.0,5.988678664931704,1.0
2025-03-13,5.76659696,5.81473216,5.70883472,5.74734288,33657147.0,5.969849577862319,1.0
2025-03-14,5.74734288,5.9206296,5.74734288,5.88212144,102160567.0,6.0795734772106345,1.0
2025-03-17,5.89174848,5.90137552,5.8243592,5.84361328,51402391.0,6.083276869163537,1.0
2025-03-18,5.86286736,5.88212144,5.8243592,5.84361328,35594074.0,6.073144877992893,1.0
2025-03-19,5.83398624,5.89174848,5.83398624,5.85324032,39688728.0,6.082872976427967,1.0
2025-03-20,5.85324032,5.86286736,5.81473216,5.83398624,35469387.0,6.060076136359503,1.0
2025-03-21,5.81473216,5.84361328,5.7280888,5.73771584,47494944.0,6.000628526270081,1.0
2025-03-24,5.73771584,5.74734288,5.68958064,5.7280888,34141391.0,5.9405835292416755,1.0
2025-03-25,5.73771584,5.75696992,5.69920768,5.73771584,29444462.0,5.954468723184686,1.0
2025-03-26,5.73771584,5.75696992,5.7280888,5.7280888,22829917.0,5.961129847296422,1.0
2025-03-27,5.7280888,5.76659696,5.68958064,5.74734288,29930553.0,5.958983199541953,1.0
2025-03-28,5.73771584,5.776224,5.71846176,5.73771584,35974563.0,5.971943285315238,1.0
2025-03-31,5.73771584,5.776224,5.64144544,5.66069952,51707154.0,5.907230624412243,1.0
2025-04-01,5.67032656,5.71846176,5.64144544,5.69920768,29019402.0,5.91336979514602,1.0
2025-04-02,5.70883472,5.73771584,5.68958064,5.70883472,21854734.0,5.935556259801652,1.0
2025-04-03,5.6799536,5.73771584,5.67032656,5.73771584,30595810.0,5.941099478980945,1.0
2025-04-07,5.4874128,5.5836832,5.16009344,5.2467368,128036570.0,5.509440117538293,1.0
2025-04-08,5.23710976,5.33338016,5.21785568,5.33338016,81476020.0,5.490373142919843,1.0
2025-04-09,5.294872,5.45853168,5.21785568,5.42965056,77123561.0,5.562562150235776,1.0
2025-04-10,5.4874128,5.5836832,5.42002352,5.54517504,71916264.0,5.743758436617341,1.0
2025-04-11,5.57405616,5.57405616,5.50666688,5.54517504,39339463.0,5.7548077819465915,1.0
2025-04-14,5.5836832,5.5836832,5.535548,5.55480208,34938777.0,5.76870260541747,1.0
2025-04-15,5.54517504,5.57405616,5.51629392,5.56442912,30487133.0,5.75553208200981,1.0
2025-04-16,5.56442912,5.5836832,5.46815872,5.5836832,42233598.0,5.738793175045139,1.0
2025-04-17,5.56442912,5.61256432,5.535548,5.60293728,36781401.0,5.7919651668515835,1.0
2025-04-18,5.59331024,5.6318184,5.56442912,5.61256432,27146013.0,5.818743632812672,1.0
2025-04-21,5.61256432,5.6318184,5.59331024,5.61256432,26225130.0,5.833604948383478,1.0
2025-04-22,5.61256432,5.68958064,5.59331024,5.66069952,42601703.0,5.87742745800561,1.0
2025-04-23,5.67032656,5.68958064,5.61256432,5.62219136,29229418.0,5.857167262105595,1.0
2025-04-24,5.61256432,5.64144544,5.5836832,5.62219136,24677854.0,5.837142312698665,1.0
2025-04-25,5.6318184,5.64144544,5.60293728,5.64144544,32470005.0,5.842326934350642,1.0
2025-04-28,5.6318184,5.64144544,5.54517504,5.61256432,40252161.0,5.81846529134175,1.0
2025-04-29,5.61256432,5.64144544,5.57405616,5.5836832,28967267.0,5.818708509850101,1.0
2025-04-30,5.59331024,5.6318184,5.55480208,5.56442912,30078665.0,5.807688140082015,1.0
2025-05-06,5.59331024,5.62219136,5.56442912,5.61256432,45908957.0,5.815696774161085,1.0
2025-05-07,5.71846176,5.76659696,5.6318184,5.66069952,56403033.0,5.894746330574102,1.0
2025-05-08,5.64144544,5.68958064,5.62219136,5.68958064,36175911.0,5.882034614967955,1.0
2025-05-09,5.68958064,5.68958064,5.60293728,5.61256432,34763657.0,5.846710983254725,1.0
2025-05-12,5.64144544,5.776224,5.62219136,5.73771584,63622636.0,5.912935926295163,1.0
2025-05-13,5.74734288,5.74734288,5.62219136,5.6318184,70837295.0,5.881443619776842,1.0
2025-05-14,5.64144544,5.84361328,5.60293728,5.76659696,104791650.0,5.945483070454564,1.0
2025-05-15,5.75696992,5.776224,5.66069952,5.6799536,52810419.0,5.924020698832175,1.0
2025-05-16,5.67032656,5.68958064,5.5836832,5.61256432,52171270.0,5.836850198394633,1.0
2025-05-19,5.60293728,5.64144544,5.5836832,5.61256432,30302229.0,5.823698874099327,1.0
2025-05-20,5.62219136,5.64144544,5.59331024,5.62219136,26559304.0,5.833031785019667,1.0
2025-05-21,5.61256432,5.6318184,5.60293728,5.60293728,21488803.0,5.83263650004144,1.0
2025-05-22,5.60293728,5.60293728,5.55480208,5.57405616,29495022.0,5.788908726021631,1.0
2025-05-23,5.56442912,5.59331024,5.50666688,5.50666688,29380826.0,5.767367280280003,1.0
2025-05-26,5.52592096,5.52592096,5.47778576,5.49703984,22269222.0,5.712943788067674,1.0
2025-05-27,5.50666688,5.51629392,5.47778576,5.50666688,22476375.0,5.708113938746796,1.0
2025-05-28,5.50666688,5.51629392,5.46815872,5.4874128,19389437.0,5.698526740616553,1.0
2025-05-29,5.4874128,5.54517504,5.47778576,5.52592096,24723210.0,5.73964659119912,1.0
2025-05-30,5.51629392,5.54517504,5.49703984,5.535548,27664325.0,5.737971935696967,1.0
2025-06-03,5.52592096,5.6318184,5.50666688,5.61256432,42976853.0,5.804837826073491,1.0
2025-06-04,5.61256432,5.70883472,5.59331024,5.68958064,55674725.0,5.885990865693544,1.0
2025-06-05,5.68958064,5.7280888,5.66069952,5.69920768,56004367.0,5.91650353730451,1.0
2025-06-06,5.70883472,5.71846176,5.66069952,5.67032656,29220180.0,5.902325368289997,1.0
2025-06-09,5.71846176,5.75696992,5.69920768,5.70883472,38653292.0,5.944639539110925,1.0
2025-06-10,5.70883472,5.75696992,5.6799536,5.69920768,59756009.0,5.937039927147745,1.0
2025-06-11,5.7280888,6.26720304,5.70883472,6.22869488,531375929.0,6.3578392674614355,1.0
2025-06-12,5.98801888,6.02652704,5.8724944,5.93025664,388964516.0,6.173969050842674,1.0
2025-06-13,5.9206296,5.9206296,5.78585104,5.80510512,193398663.0,6.058358967507443,1.0
2025-06-16,5.78585104,5.86286736,5.78585104,5.85324032,121075035.0,6.046938861343298,1.0
2025-06-17,5.83398624,5.86286736,5.80510512,5.86286736,95114569.0,6.054988426010741,1.0
2025-06-18,5.83398624,5.85324032,5.75696992,5.78585104,87844379.0,6.0090988681245046,1.0
2025-06-19,5.776224,5.79547808,5.66069952,5.6799536,92297200.0,5.931700663833789,1.0
2025-06-20,5.68958064,5.7280888,5.67032656,5.68958064,57170531.0,5.919389963686012,1.0
2025-06-23,5.66069952,5.776224,5.66069952,5.76659696,72664643.0,5.948341511152818,1.0
2025-06-24,5.776224,5.91100256,5.76659696,5.8724944,145202978.0,6.089020092893687,1.0
2025-06-25,5.8724944,6.14205152,5.86286736,6.12279744,268560143.0,6.247746677920111,1.0
2025-06-26,6.12279744,6.13242448,5.98801888,6.00727296,154382593.0,6.269445156035176,1.0
2025-06-27,5.99764592,6.17093264,5.97839184,5.98801888,142063948.0,6.2995190766484965,1.0
2025-06-30,5.99764592,6.0169,5.91100256,5.95913776,89796242.0,6.183027718019647,1.0
2025-07-01,5.9687648,5.97839184,5.90137552,5.94951072,64408832.0,6.161604920114061,1.0
2025-07-02,5.95913776,5.9687648,5.9206296,5.95913776,53223060.0,6.1756415918212895,1.0
2025-07-03,5.95913776,5.99764592,5.93988368,5.98801888,60106667.0,6.204995775593413,1.0
2025-07-04,5.95913776,6.05540816,5.93025664,5.97839184,84793501.0,6.224506305972671,1.0
2025-07-07,5.94951072,6.0169,5.93988368,5.98801888,46948606.0,6.217712918036374,1.0
2025-07-08,5.98801888,6.04578112,5.97839184,6.02652704,63715045.0,6.255361658773057,1.0
2025-07-09,6.02652704,6.0650352,5.97839184,5.99764592,63960592.0,6.267048571876884,1.0
2025-07-10,5.98801888,6.1131704,5.97839184,6.07466224,106050773.0,6.296613914355909,1.0
2025-07-11,6.12279744,6.257576,6.05540816,6.14205152,186137012.0,6.41996229814842,1.0
2025-07-14,6.15167856,6.2094408,6.10354336,6.13242448,95333070.0,6.390906150614891,1.0
2025-07-15,6.14205152,6.23832192,6.08428928,6.12279744,90852048.0,6.382833062937667,1.0
2025-07-16,6.12279744,6.14205152,6.04578112,6.09391632,67077983.0,6.32318350001669,1.0
2025-07-17,6.08428928,6.1131704,6.05540816,6.09391632,51540528.0,6.32097813045299,1.0
2025-07-18,6.09391632,6.12279744,6.08428928,6.12279744,59171611.0,6.339507534449248,1.0
2025-07-21,6.13242448,6.23832192,6.1131704,6.19981376,86597855.0,6.429100548968563,1.0
2025-07-22,6.2094408,6.24794896,6.14205152,6.23832192,85368666.0,6.443136934575035,1.0
2025-07-23,6.257576,6.36347344,6.21906784,6.23832192,140542124.0,6.535650415956429,1.0
2025-07-24,6.22869488,6.63303056,6.21906784,6.55601424,271831667.0,6.736622741161353,1.0
2025-07-25,6.52713312,6.58489536,6.45974384,6.53676016,129573412.0,6.769430993991268,1.0
2025-07-28,6.498252,6.65228464,6.43086272,6.52713312,120233942.0,6.788839431381199,1.0
2025-07-29,6.47899792,6.50787904,6.36347344,6.46937088,109398395.0,6.675741699683985,1.0
2025-07-30,6.4501168,6.498252,6.34421936,6.41160864,86055758.0,6.680524158534516,1.0
2025-07-31,6.38272752,6.42123568,6.21906784,6.257576,107781777.0,6.551405192920506,1.0
2025-08-01,6.23832192,6.28645712,6.18055968,6.21906784,63171674.0,6.481182926069048,1.0
2025-08-04,6.19981376,6.23832192,6.17093264,6.22869488,60141784.0,6.449829173673996,1.0
2025-08-05,6.24794896,6.33459232,6.24794896,6.32496528,74006959.0,6.54058713546114,1.0
2025-08-06,6.33459232,6.36347344,6.28645712,6.32496528,55708195.0,6.5626891831623695,1.0
2025-08-07,6.34421936,6.39235456,6.28645712,6.33459232,69461182.0,6.586053804411218,1.0
2025-08-08,6.32496528,6.34421936,6.24794896,6.31533824,54006029.0,6.546477064995837,1.0
2025-08-11,6.3057112,6.38272752,6.3057112,6.34421936,78101538.0,6.598887184910494,1.0
2025-08-12,6.3538464,6.39235456,6.32496528,6.38272752,69280846.0,6.614221694694663,1.0
2025-08-13,6.41160864,6.65228464,6.36347344,6.58489536,265454483.0,6.793554524336287,1.0
2025-08-14,6.59466225,6.79982952,6.57512251,6.59466225,199179074.0,6.828035942219513,1.0
2025-08-15,6.58489238,6.85844874,6.5458129,6.75098017,214510893.0,6.921376124894506,1.0
2025-08-18,6.78028978,6.89752822,6.67282121,6.79005965,237296944.0,6.967832823670919,1.0
2025-08-19,6.80959939,6.838909,6.68259108,6.69236095,115750883.0,6.906382581893566,1.0
2025-08-20,6.67282121,6.78028978,6.63374173,6.78028978,97826489.0,6.856435463200564,1.0
2025-08-21,6.79005965,6.82913913,6.70213082,6.73144043,81435781.0,6.926238246674394,1.0
2025-08-22,6.72167056,6.87798848,6.70213082,6.86821861,135485935.0,6.9696667756693715,1.0
2025-08-25,6.95614744,7.02453653,6.86821861,6.95614744,166866101.0,7.098394062674239,1.0
2025-08-26,6.90729809,6.97568718,6.85844874,6.87798848,79556672.0,7.073588405633659,1.0
2025-08-27,6.85844874,6.96591731,6.67282121,6.67282121,177897792.0,6.976702637321097,1.0
2025-08-28,6.69236095,6.7412103,6.56535264,6.7412103,130865314.0,6.827518673588327,1.0
2025-08-29,6.7412103,6.80959939,6.61420199,6.65328147,165352762.0,6.851720059747172,1.0
2025-09-01,6.71190069,6.72167056,6.51650329,6.5458129,197687244.0,6.745699102517713,1.0
2025-09-02,6.55558277,6.56535264,6.40903472,6.48719368,135419303.0,6.632267348178568,1.0
2025-09-03,6.50673342,6.53604303,6.27225654,6.31133602,138077274.0,6.51016101817016,1.0
2025-09-04,6.30156615,6.37972511,6.26248667,6.34064563,112057074.0,6.474410371718255,1.0
2025-09-05,6.3504155,6.38949498,6.28202641,6.38949498,82391625.0,6.4815578178000495,1.0
2025-09-08,6.36995524,6.39926485,6.30156615,6.32110589,116827152.0,6.486891059708449,1.0
2025-09-09,6.32110589,6.3504155,6.27225654,6.31133602,93207895.0,6.464287762104273,1.0
2025-09-10,6.31133602,6.33087576,6.23317706,6.2527168,88802799.0,6.421097336357607,1.0
2025-09-11,6.24294693,6.4481142,6.22340719,6.40903472,132678058.0,6.49887785213136,1.0
2025-09-12,6.40903472,6.4481142,6.27225654,6.30156615,160543456.0,6.487851838196383,1.0
2025-09-15,6.27225654,6.36018537,6.26248667,6.30156615,98692895.0,6.458260387335886,1.0
2025-09-16,6.31133602,6.32110589,6.21363732,6.27225654,126248400.0,6.415526903786503,1.0
2025-09-17,6.27225654,6.36995524,6.26248667,6.34064563,105670650.0,6.471517050571753,1.0
2025-09-18,6.34064563,6.3504155,6.13547836,6.20386745,154438454.0,6.390033974116317,1.0
2025-09-19,6.19409758,6.22340719,6.13547836,6.17455784,65492490.0,6.312892049149451,1.0
2025-09-22,6.17455784,6.22340719,6.12570849,6.21363732,67307961.0,6.326075805951096,1.0
2025-09-23,6.19409758,6.19409758,6.03777966,6.13547836,93135365.0,6.248591296335179,1.0
2025-09-24,6.12570849,6.29179628,6.10616875,6.2527168,92052328.0,6.356786902771215,1.0
2025-09-25,6.22340719,6.26248667,6.20386745,6.22340719,57117639.0,6.374514661048927,1.0
2025-09-26,6.20386745,6.26248667,6.19409758,6.19409758,52997969.0,6.375073905567967,1.0
2025-09-29,6.19409758,6.52627316,6.16478797,6.43834433,214138752.0,6.529227450246839,1.0
2025-09-30,6.40903472,6.45788407,6.34064563,6.38949498,103774880.0,6.532786671784153,1.0
2025-10-09,6.36995524,6.45788407,6.32110589,6.42857446,103744435.0,6.554921880966434,1.0
2025-10-10,6.39926485,6.52627316,6.38949498,6.46765394,97192084.0,6.629759385033867,1.0
2025-10-13,6.32110589,6.42857446,6.30156615,6.42857446,87353351.0,6.518697957448707,1.0
2025-10-14,6.42857446,6.51650329,6.36995524,6.40903472,117188242.0,6.600247134947208,1.0
2025-10-15,6.41880459,6.45788407,6.33087576,6.43834433,85651708.0,6.552183106260998,1.0
2025-10-16,6.40903472,6.47742381,6.38949498,6.4481142,70098098.0,6.583905611390483,1.0
2025-10-17,6.43834433,6.49696355,6.30156615,6.30156615,89987399.0,6.537230875625152,1.0
2025-10-20,6.36018537,6.37972511,6.28202641,6.30156615,67266880.0,6.469788218362439,1.0
2025-10-21,6.32110589,6.42857446,6.31133602,6.3504155,77384375.0,6.511044696296895,1.0
2025-10-22,6.33087576,6.34064563,6.29179628,6.31133602,47746087.0,6.462112099154848,1.0
2025-10-23,6.30156615,6.36018537,6.2527168,6.36018537,63209713.0,6.454155358212116,1.0
2025-10-24,6.36018537,6.40903472,6.34064563,6.38949498,63488537.0,6.521404445971089,1.0
2025-10-27,6.4481142,6.67282121,6.39926485,6.58489238,224208001.0,6.706004588346515,1.0
2025-10-28,6.53604303,6.67282121,6.50673342,6.61420199,157932568.0,6.744744621831262,1.0
2025-10-29,6.58489238,6.81936926,6.51650329,6.79005965,240291821.0,6.868863771397362,1.0
2025-10-30,6.76075004,6.84867887,6.70213082,6.72167056,152778483.0,6.922840057130297,1.0
2025-10-31,6.79005965,6.85844874,6.68259108,6.72167056,140674109.0,6.906330584400574,1.0
2025-11-03,6.70213082,6.72167056,6.59466225,6.69236095,83489728.0,6.809763220093375,1.0
2025-11-04,6.66305134,6.82913913,6.63374173,6.7412103,120756834.0,6.882164725269296,1.0
2025-11-05,6.65328147,6.72167056,6.62397186,6.65328147,87651107.0,6.833309456547994,1.0
2025-11-06,6.65328147,6.7412103,6.65328147,6.70213082,83333612.0,6.851321420101171,1.0
2025-11-07,6.66305134,6.80959939,6.62397186,6.72167056,119252069.0,6.884374089056685,1.0
2025-11-10,6.71190069,6.97568718,6.68259108,6.84867887,212783639.0,7.020167925739817,1.0
2025-11-11,6.81936926,6.86821861,6.76075004,6.79005965,89358381.0,6.962808222431873,1.0
2025-11-12,6.78028978,6.79005965,6.68259108,6.71190069,80552241.0,6.879348282315323,1.0
2025-11-13,6.70213082,6.81936926,6.65328147,6.81936926,88922805.0,6.895803156794255,1.0
2025-11-14,6.76075004,6.85844874,6.75098017,6.76075004,72006869.0,6.953081685998596,1.0
2025-11-17,6.7412103,6.7412103,6.65328147,6.68259108,68041130.0,6.844238710174272,1.0
2025-11-18,6.66305134,6.79982952,6.66305134,6.72167056,94616794.0,6.895310035869531,1.0
2025-11-19,6.71190069,6.79982952,6.58489238,6.65328147,99168206.0,6.8316099467403895,1.0
2025-11-20,6.82913913,6.89752822,6.72167056,6.7412103,198018688.0,6.965312027620342,1.0
2025-11-21,6.68259108,6.73144043,6.38949498,6.39926485,160655797.0,6.658649706365716,1.0
2025-11-24,6.43834433,6.58489238,6.36018537,6.53604303,94103347.0,6.6468798929117785,1.0
2025-11-25,6.53604303,6.60443212,6.49696355,6.56535264,65914438.0,6.716410407382977,1.0
2025-11-26,6.56535264,6.58489238,6.48719368,6.50673342,46136313.0,6.672646144480596,1.0
2025-11-27,6.47742381,6.58489238,6.46765394,6.51650329,44120968.0,6.687171665861909,1.0
2025-11-28,6.49696355,6.70213082,6.47742381,6.61420199,82985314.0,6.760085442106058,1.0
2025-12-01,6.55558277,6.70213082,6.55558277,6.70213082,81923438.0,6.795841507774612,1.0
2025-12-02,6.67282121,6.79005965,6.6435116,6.70213082,74397776.0,6.854090364206586,1.0
2025-12-03,6.73144043,6.85844874,6.67282121,6.68259108,89365322.0,6.9019324389610555,1.0
2025-12-04,6.65328147,6.76075004,6.6435116,6.66305134,67011762.0,6.848544513275147,1.0
2025-12-05,6.62397186,7.31763263,6.61420199,7.0343064,351960217.0,7.1521770886395375,1.0
2025-12-08,7.30786276,7.73773704,7.21993393,7.5227999,829993551.0,7.814271301982682,1.0
2025-12-09,7.39579159,7.4251012,7.05384614,7.07338588,603221588.0,7.330185060203781,1.0
2025-12-10,7.0343064,7.19062432,6.95614744,7.09292562,391243540.0,7.246830814944574,1.0
2025-12-11,7.08315575,7.25901341,6.96591731,7.07338588,354384624.0,7.271989917909079,1.0
2025-12-12,7.04407627,7.09292562,6.90729809,7.00499679,275651342.0,7.151575388920109,1.0
2025-12-15,6.91706796,7.2297038,6.90729809,7.09292562,278099017.0,7.263926774361809,1.0
2025-12-16,7.06361601,7.11246536,6.96591731,6.99522692,140503204.0,7.197973885421147,1.0
2025-12-17,6.97568718,7.29809289,6.92683783,7.2297038,312180643.0,7.295396930007605,1.0
2025-12-18,7.1805209,7.21002989,7.02313962,7.03297595,198597113.0,7.194952352252975,1.0
2025-12-19,6.99363063,7.22970255,6.99363063,7.10183026,195213138.0,7.248900598944319,1.0
2025-12-22,7.11166659,7.25921154,7.0821576,7.19035723,181019762.0,7.30025898078465,1.0
2025-12-23,7.19035723,7.29855686,7.14117558,7.17068457,158680198.0,7.332468742066984,1.0
2025-12-24,7.14117558,7.35757484,7.14117558,7.31822952,186400223.0,7.3651943818758205,1.0
2025-12-25,7.28872053,7.44610181,7.24937521,7.29855686,166793395.0,7.451153591663507,1.0
2025-12-26,7.29855686,7.79037336,7.29855686,7.52479245,357350732.0,7.692112479596096,1.0
2025-12-29,7.4756108,7.5739741,7.33790218,7.36741117,181291483.0,7.548746484246037,1.0
2025-12-30,7.30839319,7.4756108,7.24937521,7.40675649,161409147.0,7.465735525942653,1.0
2025-12-31,7.3772475,7.45593814,7.2788842,7.29855686,146680276.0,7.476549718791094,1.0
2026-01-05,7.29855686,7.40675649,7.28872053,7.33790218,166786801.0,7.459127078467079,1.0
2026-01-06,7.31822952,7.6723374,7.29855686,7.64282841,326642522.0,7.658128928694716,1.0
2026-01-07,7.61331942,7.63299208,7.41659282,7.49528346,170482740.0,7.635107606318388,1.0
2026-01-08,7.41659282,7.42642915,7.12150292,7.16084824,253095574.0,7.3317335506230545,1.0
2026-01-09,7.15101191,7.21986622,7.07232127,7.12150292,188788334.0,7.256792185421796,1.0
2026-01-12,7.11166659,7.21986622,7.07232127,7.17068457,167750405.0,7.255530978777667,1.0
2026-01-13,7.17068457,7.22970255,7.04281228,7.06248494,159915614.0,7.250400880366816,1.0
2026-01-14,7.06248494,7.1805209,6.97395797,7.02313962,193222990.0,7.201684506279506,1.0
2026-01-15,6.9837943,7.00346696,6.79690403,6.83624935,189338009.0,7.005842180689667,1.0
2026-01-16,6.87559467,6.92477632,6.73788605,6.76739504,136666075.0,6.916302491090053,1.0
2026-01-19,6.76739504,6.7870677,6.71821339,6.77723137,101714150.0,6.858324308663052,1.0
2026-01-20,6.76739504,6.79690403,6.73788605,6.76739504,83597102.0,6.8743298236582415,1.0
2026-01-21,6.74772238,6.76739504,6.66903174,6.69854073,119828242.0,6.828039800583906,1.0
2026-01-22,6.70837706,6.7870677,6.69854073,6.74772238,98832425.0,6.854549821478123,1.0
2026-01-23,6.74772238,6.7870677,6.72804972,6.75755871,114622361.0,6.868892781836871,1.0
2026-01-26,6.75755871,7.22970255,6.75755871,6.97395797,326013553.0,7.115978271308249,1.0
2026-01-27,6.96412164,6.96412164,6.80674036,6.81657669,155384511.0,6.986183571411439,1.0
2026-01-28,6.81657669,7.02313962,6.80674036,6.81657669,270523854.0,7.009978235006218,1.0
2026-01-29,6.80674036,6.93461265,6.72804972,6.90510366,208151245.0,6.909908385606822,1.0
2026-01-30,6.84608568,6.86575834,6.71821339,6.76739504,119795893.0,6.901587724297025,1.0
2026-02-02,6.73788605,6.81657669,6.62968642,6.63952275,126117756.0,6.840042620723445,1.0
2026-02-03,6.67886807,6.70837706,6.55099578,6.61985009,125440781.0,6.712051936921535,1.0
2026-02-04,6.60017743,6.72804972,6.57066844,6.72804972,89572559.0,6.7820161460386545,1.0
2026-02-05,6.6887044,6.84608568,6.66903174,6.7870677,123600713.0,6.898964500471774,1.0
2026-02-06,6.74772238,6.82641302,6.70837706,6.7870677,84425340.0,6.903155293896359,1.0
2026-02-09,6.83624935,6.94444898,6.79690403,6.85592201,119690571.0,6.991127639787098,1.0
2026-02-10,6.84608568,6.94444898,6.83624935,6.90510366,82181573.0,7.020091028800337,1.0
2026-02-11,6.90510366,6.91493999,6.83624935,6.85592201,53873550.0,6.978579575134737,1.0
2026-02-12,6.83624935,6.85592201,6.7870677,6.80674036,78125983.0,6.922312948689554,1.0
2026-02-13,6.7870677,6.91493999,6.73788605,6.73788605,108058124.0,6.916921503282808,1.0
2026-02-24,6.77723137,6.80674036,6.71821339,6.74772238,99825933.0,6.863915685015435,1.0
2026-02-25,6.75755871,6.85592201,6.65919541,6.70837706,188366903.0,6.867415230583262,1.0
2026-02-26,6.69854073,6.71821339,6.61985009,6.63952275,123046650.0,6.757031823540097,1.0
2026-02-27,6.61985009,6.65919541,6.58050477,6.63952275,89371706.0,6.730523078075739,1.0
2026-03-02,6.57066844,6.5903411,6.46246881,6.53132312,114542653.0,6.637667555683383,1.0
2026-03-03,6.52148679,6.57066844,6.3936145,6.40345083,113462477.0,6.594739394416711,1.0
2026-03-04,6.36410551,6.38377817,6.26574221,6.30508753,95005237.0,6.431829276316631,1.0
2026-03-05,6.35426918,6.42312349,6.32476019,6.41328716,72000254.0,6.463718069661255,1.0
2026-03-06,6.37394184,6.50181413,6.34443285,6.4919778,90310716.0,6.557483195792624,1.0
2026-03-09,6.3936145,6.43295982,6.35426918,6.36410551,77818858.0,6.488821675332218,1.0
2026-03-10,6.3936145,6.43295982,6.35426918,6.38377817,69954983.0,6.49525050731554,1.0
2026-03-11,6.3936145,6.43295982,6.35426918,6.41328716,65228780.0,6.50523208988425,1.0
2026-03-12,6.3936145,6.44279615,6.36410551,6.41328716,67158822.0,6.515295002494237,1.0
2026-03-13,6.38377817,6.42312349,6.32476019,6.32476019,74130218.0,6.474448760423179,1.0
2026-03-16,6.32476019,6.32476019,6.27557854,6.30508753,52322144.0,6.409835060084693,1.0
2026-03-17,6.32476019,6.45263248,6.2952512,6.36410551,110122664.0,6.499024409816311,1.0
2026-03-18,6.36410551,6.36410551,6.26574221,6.33459652,71900348.0,6.410378321117444,1.0
2026-03-19,6.2952512,6.30508753,6.20672423,6.22639689,70229185.0,6.364984240383824,1.0
2026-03-20,6.25590588,6.26574221,6.16737891,6.16737891,59890764.0,6.313415161977229,1.0
2026-03-23,6.0985246,6.10836093,5.88212534,5.91163433,94360945.0,6.08763640031371,1.0
2026-03-24,5.98048864,6.00999763,5.91163433,5.97065231,64010360.0,6.058253612696445,1.0
2026-03-25,5.99032497,6.07885194,5.96081598,6.05917928,57524123.0,6.127674280231965,1.0
2026-03-26,6.04934295,6.05917928,5.901798,5.92147066,74197030.0,6.058976747856349,1.0
2026-03-27,5.88212534,5.98048864,5.86245268,5.96081598,45684030.0,6.0390385344725495,1.0
2026-03-30,5.89196167,5.901798,5.77392571,5.83294369,103331996.0,5.927224134042664,1.0
2026-03-31,5.84278002,5.901798,5.76408938,5.77392571,86379156.0,5.921239484673826,1.0
2026-04-01,5.85261635,5.87228901,5.79359837,5.84278002,66310431.0,5.928470678014444,1.0
2026-04-02,5.82310736,5.83294369,5.69523507,5.71490773,79490358.0,5.842201063681208,1.0
2026-04-03,5.73458039,5.74441672,5.58703544,5.61654443,67332975.0,5.746079985326655,1.0
2026-04-07,5.61654443,5.63621709,5.52801746,5.56736278,71205229.0,5.670543862164954,1.0
2026-04-08,5.65588975,5.84278002,5.64605342,5.83294369,122062661.0,5.845388035084701,1.0
2026-04-09,5.77392571,5.78376204,5.7050714,5.71490773,60087049.0,5.836155463051613,1.0
2026-04-10,5.79359837,6.07885194,5.79359837,5.901798,203186520.0,6.068956893793938,1.0
2026-04-13,5.901798,6.00999763,5.87228901,5.95097965,87496629.0,6.060364800682779,1.0
2026-04-14,5.99032497,6.01983396,5.87228901,5.94114332,99928326.0,6.027705536165992,1.0
2026-04-15,5.95097965,5.97065231,5.89196167,5.92147066,68642652.0,6.022273673808524,1.0
2026-04-16,5.94114332,5.96081598,5.89196167,5.91163433,88063121.0,6.025401921651175,1.0
2026-04-17,5.901798,5.91163433,5.84278002,5.88212534,78427574.0,5.974338941046423,1.0
2026-04-20,5.901798,5.94114332,5.88212534,5.92147066,83727332.0,6.013304353230795,1.0
2026-04-21,5.901798,5.901798,5.84278002,5.86245268,62536216.0,5.965920676268612,1.0
2026-04-22,5.85261635,5.94114332,5.82310736,5.88212534,69118823.0,5.987814762702195,1.0
2026-04-23,5.86245268,5.89196167,5.81327103,5.82310736,55897161.0,5.9425998930428685,1.0
2026-04-24,5.81327103,5.82310736,5.75425305,5.77392571,45973008.0,5.8836284377998505,1.0
2026-04-27,5.78376204,5.82310736,5.75425305,5.76408938,47421629.0,5.87441726073982,1.0
2026-04-28,5.75425305,5.87228901,5.75425305,5.81327103,78022734.0,5.929301212259494,1.0
2026-04-29,5.79359837,5.86245268,5.77392571,5.86245268,70568439.0,5.915356253097791,1.0
2026-04-30,5.95097965,6.04934295,5.901798,5.97065231,137072596.0,6.0772718348458215,1.0
2026-05-06,5.98048864,6.08868827,5.97065231,6.06901561,128814121.0,6.145304171970401,1.0
2026-05-07,6.08868827,6.10836093,5.97065231,6.0001613,109803849.0,6.105161768600662,1.0
2026-05-08,5.97065231,6.00999763,5.93130699,5.96081598,71056841.0,6.061151408208535,1.0
2026-05-11,5.96081598,6.05917928,5.91163433,6.02967029,111227370.0,6.092838849286825,1.0
2026-05-12,6.03950662,6.08868827,5.98048864,6.03950662,102961351.0,6.1345686088559575,1.0
2026-05-13,6.01983396,6.03950662,5.96081598,6.00999763,78844241.0,6.093292181606517,1.0
2026-05-14,6.01983396,6.05917928,5.92147066,5.92147066,90807117.0,6.087417330075572,1.0
2026-05-15,5.92147066,5.93130699,5.78376204,5.79359837,99621561.0,5.948651094013675,1.0
2026-05-18,5.78376204,5.83294369,5.73458039,5.76408938,53875425.0,5.878875604043959,1.0
2026-05-19,5.75425305,5.85261635,5.73458039,5.84278002,52204665.0,5.887967961483901,1.0
2026-05-20,5.81327103,5.82310736,5.76408938,5.78376204,38438422.0,5.884874320022814,1.0
2026-05-21,5.81327103,5.98048864,5.72474406,5.72474406,147103469.0,5.9808305255534115,1.0
2026-05-22,5.74441672,5.76408938,5.66572608,5.72474406,79879303.0,5.799308295667027,1.0
2026-05-25,5.72474406,5.78376204,5.64605342,5.7050714,78445829.0,5.793628045667029,1.0
2026-05-26,5.68539874,5.81327103,5.66572608,5.76408938,93176772.0,5.854350442940865,1.0
2026-05-27,5.74441672,5.86245268,5.7050714,5.76408938,88641551.0,5.877456195345679,1.0
2026-05-28,5.75425305,5.76408938,5.53785379,5.61654443,109952383.0,5.734387534920457,1.0
2026-05-29,5.6067081,5.72474406,5.59687177,5.65588975,87072690.0,5.765290472707344,1.0
2026-06-01,5.64605342,5.69523507,5.59687177,5.67556241,55304724.0,5.754075422924089,1.0
2026-06-02,5.66572608,5.73458039,5.63621709,5.71490773,75062400.0,5.784138493040458,1.0
2026-06-03,5.71490773,5.73458039,5.64605342,5.67556241,79143856.0,5.775762081898057,1.0
2026-06-04,5.65588975,5.82310736,5.64605342,5.75425305,130243895.0,5.842223798589561,1.0
2026-06-05,5.71490773,5.78376204,5.7050714,5.74441672,76808675.0,5.832264589383946,1.0
2026-06-08,5.66572608,5.73458039,5.62638076,5.7050714,78417926.0,5.7710150036357755,1.0
2026-06-09,5.69523507,5.71490773,5.61654443,5.66572608,59940752.0,5.758478719286004,1.0
2026-06-10,5.64605342,5.78376204,5.63621709,5.76408938,87081034.0,5.808235640610331,1.0
2026-06-11,5.72474406,5.82310736,5.69523507,5.74441672,72831523.0,5.849161755137263,1.0
2026-06-12,5.74441672,5.93130699,5.71490773,5.901798,147500415.0,5.9556325341186325,1.0
2026-06-15,5.92147066,6.11819726,5.901798,6.00999763,180611066.0,6.115587617981282,1.0
2026-06-16,5.93130699,6.04934295,5.92147066,6.02967029,105210929.0,6.103583322888443,1.0
2026-06-17,6.02967029,6.05917928,5.95097965,5.98048864,91092363.0,6.097020033830937,1.0
2026-06-18,5.95097965,5.97065231,5.71490773,5.72474406,155685712.0,5.909082192269513,1.0
2026-06-22,5.7050714,6.15754258,5.69523507,6.13786992,309214861.0,6.079809746336868,1.0
2026-06-23,6.13786992,6.27557854,6.05917928,6.11819726,247260383.0,6.283096175338368,1.0
2026-06-24,6.05917928,6.1968879,5.98048864,6.0001613,166488291.0,6.175135090551202,1.0
2026-06-25,6.0001613,6.20672423,5.94114332,6.12803359,197768280.0,6.206960764183214,1.0
2026-06-26,6.06901561,6.17721524,5.88212534,5.901798,169387327.0,6.093386904853868,1.0
2026-06-29,5.901798,6.07885194,5.89196167,5.97065231,135643127.0,6.073666801930923,1.0
2026-06-30,5.97065231,6.01983396,5.88212534,5.94114332,117118309.0,6.029238684021642,1.0
2026-07-01,5.92147066,6.24606955,5.92147066,6.16737891,226851015.0,6.2230939315832465,1.0
2026-07-02,6.16737891,6.18705157,6.01983396,6.02967029,152983476.0,6.1759913768726244,1.0
2026-07-03,6.05917928,6.08868827,5.99032497,6.06901561,112725722.0,6.1366627834062575,1.0
2026-07-06,6.12803359,6.15754258,6.04934295,6.10836093,89871494.0,6.188036161054583,1.0
2026-07-07,6.07885194,6.08868827,5.97065231,6.0001613,82952112.0,6.11035451237215,1.0
2026-07-08,5.99032497,6.02967029,5.94114332,5.94114332,58269948.0,6.071883400685375,1.0
2026-07-09,5.96081598,6.02967029,5.901798,6.02967029,78046459.0,6.061411133335338,1.0
2026-07-10,6.0001613,6.10836093,5.92147066,6.05917928,116141578.0,6.131333363922436,1.0
2026-07-13,6.00999763,6.05917928,5.95097965,5.98048864,83801205.0,6.100230198360513,1.0
2026-07-14,5.96081598,6.02967029,5.93130699,6.02967029,72248327.0,6.08777099987381,1.0
2026-07-15,6.02967029,6.13786992,6.00999763,6.10836093,117679826.0,6.181168270337177,1.0
2026-07-16,6.05917928,6.08868827,6.01983396,6.06901561,72832246.0,6.159054470598091,1.0
2026-07-17,6.04934295,6.11819726,5.97065231,6.01983396,114084057.0,6.16509961168369,1.0
2026-07-20,6.04934295,6.13786992,6.01983396,6.0985246,110773194.0,6.178894690803986,1.0
2026-07-21,6.0985246,6.14770625,6.02967029,6.07885194,105493352.0,6.182072563586756,1.0
2026-07-22,6.04934295,6.05917928,5.99032497,6.02967029,75080379.0,6.11567368206812,1.0
2026-07-23,6.02967029,6.12803359,6.01983396,6.11819726,78158516.0,6.179112827705173,1.0
2026-07-24,6.08868827,6.0985246,5.98048864,5.98048864,70901951.0,6.1413581187631925,1.0
2026-07-27,5.97065231,6.02967029,5.92147066,6.01983396,55580247.0,6.081015747015303,1.0
2026-07-28,5.98048864,6.00999763,5.94114332,5.95097965,55552526.0,6.066411898893671,1.0
2026-07-29,5.95097965,6.0001613,5.89196167,5.99032497,118167653.0,6.0494790859559515,1.0
2026-07-30,5.95097965,6.00999763,5.93130699,6.00999763,90334158.0,6.088859102555647,1.0
2026-07-31,6.04,6.06,6.0,6.04,73165630.0,6.02786363364875,1.0
2026-08-03,6.0,6.05,5.99,6.04,70859041.0,6.025051825637888,1.0
2026-08-04,6.04,6.07,5.99,6.01,97369233.0,6.014048967706257,1.0
2026-08-05,6.02,6.03,5.99,6.01,80090747.0,6.007785978322814,1.0
2026-08-06,6.0,6.0,5.89,5.91,95319009.0,5.929658739108377,1.0
2026-08-07,5.9,5.91,5.85,5.89,64233807.0,5.873573248741118,1.0
2026-08-10,5.9,5.93,5.87,5.91,53149960.0,5.904965658299649,1.0
2026-08-11,5.9,5.92,5.86,5.86,46208221.0,5.887000183582051,1.0
2026-08-12,5.86,5.89,5.85,5.87,38821297.0,5.868598066159407,1.0
2026-08-13,5.88,5.93,5.87,5.88,58010005.0,5.897618689569153,1.0
2026-08-14,5.88,5.89,5.82,5.84,48486670.0,5.843864562569465,1.0
