exp,run_id,status,source,pool,seed,batch,legacy,smoke,git,rank_IC,IC,rankic_mean,p_le0,start_time
eval_all10d_ens3_all,216f347d675c4f3c82cf15dc89c1c60a,FINISHED,eval_backfill,all,,b-smoke-001,,,4d883bf3,,,0.08593621251596717,0.0,1787324641016
eval_all10d_ens3_hs300,845068ca7d7047aebeb9158b8384a858,FINISHED,eval_backfill,hs300,,,,,,,,0.036101621820426366,0.0501,1787324492614
eval_all10d_ens3_zz500,f0f1d6de451740dab2747250a3cbacb0,FINISHED,eval_backfill,zz500,,,,,,,,0.04084560153545164,0.0323,1787324493271
eval_all20d_hs300_subset,7ab5e74ffa604978b873dfc4ed6cbf22,FINISHED,eval_backfill,hs300,,,,,,,,0.04733696816280054,0.1122,1787324493919
eval_all20d_zz500_subset,33b9d48aee5346c297603719e2a686f7,FINISHED,eval_backfill,zz500,,,,,,,,0.0416415977065534,0.159,1787324494678
eval_e03_off_10d_hs300,9031786ced2e4e09ae8f58d1214bef37,FINISHED,eval_backfill,,,,,,,,,,,1787324495347
eval_e16_top50_10d21_zz500,b4d1739ef719405490debd2e38b47afb,FINISHED,eval_backfill,,,,,,,,,,,1787324495836
eval_ens4_10d21_hs300,9e01ef3bfdef49a98e58992ded3a7c5c,FINISHED,eval_backfill,,,,,,,,,,,1787324496313
eval_ens4_10d21_zz500,c5f35fddb30348b2824aea7e5908d32a,FINISHED,eval_backfill,,,,,,,,,,,1787324496811
eval_ens4_10d_hs300,7daa59dd3b294dfcb35136f1e4b57ca7,FINISHED,eval_backfill,,,,,,,,,,,1787324497386
eval_ens4_10d_zz500,30550c08642040fd8f6a7668ec5708be,FINISHED,eval_backfill,,,,,,,,,,,1787324497874
eval_ens4_15d21_hs300,7cc494de447541578852a1302910119d,FINISHED,eval_backfill,,,,,,,,,,,1787324498370
eval_ens4_1d_hs300,4dbec7fef2cc4d0d8b9c5a1d53a0b3bc,FINISHED,eval_backfill,,,,,,,,,,,1787324498918
eval_ens_1d_hs300,f53fbd0f6bc6492eacfc6e54e8c4fd08,FINISHED,eval_backfill,,,,,,,,,,,1787324499413
eval_roll10c_hs300,369138b6e33a4c98aecd5985cb191d82,FINISHED,eval_backfill,,,,,,,,,,,1787324500010
eval_roll10c_zz500,ce2c9ffdfe424e6a9dcada11d1a05362,FINISHED,eval_backfill,,,,,,,,,,,1787324500516
legacy_e00_robust_1d_hs300,64dd9f0f891b429bb7661e0350ba5ab7,FINISHED,legacy_backfill,hs300,,,true,,53bf0f2,0.0066523690628528115,-0.0019253690268763652,,,1787324402918
legacy_e01_off_1d_hs300,5d86b43381fc4ad4be379bf2c8175721,FINISHED,legacy_backfill,hs300,,,true,,53bf0f2,,,,,1787324403510
legacy_e01_off_1d_zz500,dab630a3b28f41ce907cd1a6d7dcbf93,FINISHED,legacy_backfill,zz500,,,true,,53bf0f2,0.013667542709303078,-0.005455895860735645,,,1787324403883
legacy_e02_off_5d_hs300,9e3f824b8ed244119618e414d27cb3c9,FINISHED,legacy_backfill,hs300,,,true,,53bf0f2,0.021693298819697095,0.004868935490640613,,,1787324404364
legacy_e02_off_5d_zz500,dd3e2309b6e94ee7821299e2f8a788ad,FINISHED,legacy_backfill,zz500,,,true,,53bf0f2,0.026008142456909755,-0.0020624694775372245,,,1787324404841
legacy_e03_off_10d_hs300,4b491235cc1444c0af1a70eb8806f705,FINISHED,legacy_backfill,hs300,,b-smoke-001,true,,4d883bf3,0.02282035472779477,0.002337039101014838,,,1787324637301
legacy_e03_off_10d_zz500,2e477324c47641e0babb2abc319d0a37,FINISHED,legacy_backfill,zz500,,,true,,53bf0f2,0.029173439772441905,0.004321185133959686,,,1787324405787
legacy_e04_off_20d_hs300,f0522a3aea3e425495507bf0b413a63c,FINISHED,legacy_backfill,hs300,,,true,,53bf0f2,0.013672802687101906,-0.006839202642435919,,,1787324406272
legacy_e04_off_20d_zz500,668ac5cf077b4173a0e2825fa20b2da6,FINISHED,legacy_backfill,zz500,,,true,,53bf0f2,0.025815616939586183,0.0007680479533291418,,,1787324406818
legacy_e05_off_1d_dart_hs300,66cd27bf8609414fa731d92b6dbaeabf,FINISHED,legacy_backfill,hs300,,,true,,042f2b3,0.016882593751278437,0.00758381641374644,,,1787324407267
legacy_e06_off_1d_small_hs300,96a492daf2114a56980d793c86fd658e,FINISHED,legacy_backfill,hs300,,,true,,042f2b3,0.016444580395131452,0.006236616789587429,,,1787324407799
legacy_e071_off_1d_seed100_hs300,6f7bb033500f4f2aafba9c4ae6bddbae,FINISHED,legacy_backfill,hs300,,,true,,042f2b3,0.013792970784044196,-0.000261349982903797,,,1787324408263
legacy_e072_off_1d_seed200_hs300,d1aaa991d55b474a8700ce9d9e408626,FINISHED,legacy_backfill,hs300,,,true,,042f2b3,0.01683322004841932,0.0023604833464394657,,,1787324408789
legacy_e073_off_1d_seed300_hs300,f825baf1d99c41ff8b1bafd6a86306b5,FINISHED,legacy_backfill,hs300,,,true,,042f2b3,0.018507249036276107,0.000369559750463407,,,1787324409267
legacy_e081_off_10d_seed100_hs300,ca78779b488e42bcb0baf060bf7338cd,FINISHED,legacy_backfill,hs300,,,true,,042f2b3,0.016275986730489217,-0.0002857998562243595,,,1787324409810
legacy_e081_off_10d_seed100_zz500,175eacf4a09241b7a63c258b8fb58195,FINISHED,legacy_backfill,zz500,,,true,,042f2b3,0.0356278134118219,0.004546110775805706,,,1787324410299
legacy_e082_off_10d_seed200_hs300,3e9427a5c49945b19fe4a6855e4f1620,FINISHED,legacy_backfill,hs300,,,true,,042f2b3,0.016213198544564794,-0.0037653431560722745,,,1787324410814
legacy_e082_off_10d_seed200_zz500,ef5c11cf649f431d9773a61529c3510c,FINISHED,legacy_backfill,zz500,,,true,,042f2b3,0.0213549097102882,0.002977805866081282,,,1787324411344
legacy_e083_off_10d_seed300_hs300,400d80f8b4fe459c8316e2c0f54d9973,FINISHED,legacy_backfill,hs300,,,true,,042f2b3,0.01323516884031574,-0.00552999404656397,,,1787324411831
legacy_e083_off_10d_seed300_zz500,d80788f9339d44af8c5a5b381c0d7f8c,FINISHED,legacy_backfill,zz500,,,true,,042f2b3,0.03238634953221297,0.00616313997631745,,,1787324412342
legacy_e11_off_1d_21_hs300,b5a8b07ac7de4f20aa6640d6955084f1,FINISHED,legacy_backfill,hs300,,,true,,a14b17a,0.02309050115784389,0.009107857165230384,,,1787324412907
legacy_e11_off_1d_21_zz500,9773ff1f911a478faf1afa1ff959a806,FINISHED,legacy_backfill,zz500,,,true,,a14b17a,0.010091431788175544,-0.0009221989627301187,,,1787324413366
legacy_e12_off_10d_21_hs300,0fb41c6fafc5499f92609dca231b41a5,FINISHED,legacy_backfill,hs300,,,true,,a14b17a,0.027714446153040615,0.001956599798981413,,,1787324413841
legacy_e12_off_10d_21_zz500,226c5a2e6b784aaca07b8e0fc887c5d7,FINISHED,legacy_backfill,zz500,,,true,,a14b17a,0.03877483411516661,0.006561562272927124,,,1787324414329
legacy_e13_off_20d_21_hs300,8422de730833484eb9e6b46e20fe3c5e,FINISHED,legacy_backfill,hs300,,,true,,a14b17a,0.020293985390680235,-0.007178919736510117,,,1787324414851
legacy_e13_off_20d_21_zz500,1fcd6dcdff4f4091ac22bdf9480e33b1,FINISHED,legacy_backfill,zz500,,,true,,a14b17a,0.037896627254604624,-0.006895639276876838,,,1787324415332
legacy_e14_vol10d_hs300,91f7903f6c1b42e4adc8955d64c3330a,FINISHED,legacy_backfill,hs300,,,true,,a14b17a,0.0035168831197225424,-0.0007707838239062733,,,1787324415799
legacy_e14_vol10d_zz500,43434d1488e1421eb9453f754f13b763,FINISHED,legacy_backfill,zz500,,,true,,a14b17a,0.03004514891350264,0.013296808787724683,,,1787324416361
legacy_e151_10d21_seed100_hs300,dfa4f5ec1ce94b3b9ea6b6881ad90284,FINISHED,legacy_backfill,hs300,,,true,,921634c,0.03261846478584001,0.014033465768091625,,,1787324416807
legacy_e151_10d21_seed100_zz500,fa5143ec1cbb46578b94c5c815bbba2f,FINISHED,legacy_backfill,zz500,,,true,,921634c,0.040365920845760316,0.0086329484164112,,,1787324417296
legacy_e152_10d21_seed200_hs300,5de08faad1314d9b974ad319294b62cf,FINISHED,legacy_backfill,hs300,,,true,,921634c,0.0313660637192524,0.004762233201841601,,,1787324417799
legacy_e152_10d21_seed200_zz500,06cc9ead7a4545b6a11566d517dd2723,FINISHED,legacy_backfill,zz500,,,true,,921634c,0.036774021435203585,0.0030125479182619686,,,1787324418287
legacy_e153_10d21_seed300_hs300,583ed49568974b9680cfcd2a980907cc,FINISHED,legacy_backfill,hs300,,,true,,921634c,0.03283736882286264,0.00856841476929318,,,1787324418844
legacy_e153_10d21_seed300_zz500,26d69107b3ea4d2cae2fdbd093745b94,FINISHED,legacy_backfill,zz500,,,true,,921634c,0.033528777705177995,0.00853147690448123,,,1787324419409
legacy_e16_top50_10d21_hs300,df34de3cbd634df1babd32b7ccc5d035,FINISHED,legacy_backfill,hs300,,,true,,250b98f,0.026528082522822127,0.0044904358802268195,,,1787324419914
legacy_e16_top50_10d21_zz500,4cb60e7533e64e43b7b51e421e6665d9,FINISHED,legacy_backfill,zz500,,,true,,921634c,0.03794628553357928,0.007777152951691737,,,1787324420377
legacy_e17_all_10d_21,dccc1c82cc1a4579a9046163afd37d1f,FINISHED,legacy_backfill,zz500,,,true,,3d0242e,0.026528082522822127,0.0044904358802268195,,,1787324420846
legacy_e18_off_60d_21_hs300,62eb668bee3d4e7ca4ebf246e91d029e,FINISHED,legacy_backfill,hs300,,,true,,3153722,-0.0032648514732909525,-0.044313000236734686,,,1787324421360
legacy_e18_off_60d_21_zz500,023d656a0dea40eaabb7e196fd30769d,FINISHED,legacy_backfill,zz500,,,true,,3153722,-0.035193198214445956,-0.09704944013749815,,,1787324421828
legacy_e191_15d21_seed100_hs300,856db4dde5404784b53a420ef8ec3714,FINISHED,legacy_backfill,hs300,,,true,,1e7f026,0.026370754270851372,0.004302424925219917,,,1787324422313
legacy_e192_15d21_seed200_hs300,cd5535c3d68b461f8ad3378ac67f4a5d,FINISHED,legacy_backfill,hs300,,,true,,1e7f026,0.037434864411599975,0.004914304393968874,,,1787324422948
legacy_e193_15d21_seed300_hs300,4af067abb1304bb58619cd4d377939d5,FINISHED,legacy_backfill,hs300,,,true,,1e7f026,0.03515724189835081,0.006593459108632657,,,1787324423453
legacy_e19_off_15d_21_hs300,1a624db1f93b4c5fba815b00a8c48268,FINISHED,legacy_backfill,hs300,,,true,,5e221e1,0.04057797678423752,0.010788799474249216,,,1787324423953
legacy_e19_off_15d_21_zz500,c2e1d3408f5249aa9bace2afadd64740,FINISHED,legacy_backfill,zz500,,,true,,5e221e1,0.02974922362060061,-0.008733891888670997,,,1787324424407
legacy_ranker10_hs300,40204131d7854e1d86082dc3522ff7fb,FINISHED,legacy_backfill,hs300,,,true,,,,,,,1787324424878
legacy_ranker10_zz_zz500,18c4f4821bac47d4874d2623bb494af4,FINISHED,legacy_backfill,zz500,,,true,,,,,,,1787324425148
legacy_ranker10b_hs300,4809a6aae29244acbda6d0325aaa37e5,FINISHED,legacy_backfill,hs300,,,true,,,,,,,1787324425414
legacy_ranker20_hs300,33c03aeb33dc470d869c044a2f013030,FINISHED,legacy_backfill,hs300,,,true,,,,,,,1787324425680
legacy_roll10_hs300_w00,6f3dcec24b494620b6779aca2cdbe43f,FINISHED,legacy_backfill,,,,true,,,,0.05356458590592712,,,1787324576202
legacy_roll10_hs300_w01,6d0d31a506fe4f0da4468d679e9def70,FINISHED,legacy_backfill,,,,true,,,,0.05356458590592712,,,1787324576606
legacy_roll10_hs300_w02,88d6022d98394f56a77226463ebc031c,FINISHED,legacy_backfill,,,,true,,,,-0.016887013153387108,,,1787324576973
legacy_roll10_hs300_w03,8fcff1a9f2b34d4693d0b7c499edcf07,FINISHED,legacy_backfill,,,,true,,,,-0.016887013153387108,,,1787324577357
legacy_roll10_hs300_w04,55979c1829fe40d98e6a012fb38b684a,FINISHED,legacy_backfill,,,,true,,,,-0.016887013153387108,,,1787324577738
legacy_roll10_zz500_w00,b0c9bf07203f496e96bf5911d2be238d,FINISHED,legacy_backfill,,,,true,,,,-0.036839779251074366,,,1787324578111
legacy_roll10_zz500_w01,66e64c471b3e4fe0b747f9c0a6aa50d8,FINISHED,legacy_backfill,,,,true,,,,-0.036839779251074366,,,1787324578506
legacy_roll10_zz500_w02,7dc249dba18d40758acf158a4d132c96,FINISHED,legacy_backfill,,,,true,,,,0.0022139116008057075,,,1787324578906
legacy_roll10b_hs300_w00,c21897f91e354adb86ac139163597ebc,FINISHED,legacy_backfill,,,,true,,,,0.05356458590592712,,,1787324579348
legacy_roll10b_hs300_w01,bc41b3754645447c913992fd71e99e65,FINISHED,legacy_backfill,,,,true,,,,0.05356458590592712,,,1787324579817
legacy_roll10b_hs300_w02,be1444fe068246098117758e15053c75,FINISHED,legacy_backfill,,,,true,,,,-0.016887013153387108,,,1787324580188
legacy_roll10b_hs300_w03,2a600501a55b4dec9a956b294ebc389a,FINISHED,legacy_backfill,,,,true,,,,-0.016887013153387108,,,1787324580570
legacy_roll10b_hs300_w04,89485013da594cfe888feaf9e988a20c,FINISHED,legacy_backfill,,,,true,,,,-0.016887013153387108,,,1787324580952
legacy_roll10b_zz500_w00,0502338333b647e7945685ffb424683b,FINISHED,legacy_backfill,,,,true,,,,-0.036839779251074366,,,1787324581365
legacy_roll10c_hs300_w00,f11460d7ca3a40899c2884b491ec7f91,FINISHED,legacy_backfill,,,,true,,,,0.05356458590592712,,,1787324581749
legacy_roll10c_hs300_w01,cb1799de545b41cdb6ebfb08a82019ef,FINISHED,legacy_backfill,,,,true,,,,0.036340539109409396,,,1787324582119
legacy_roll10c_hs300_w02,2063a8604b2642ac91e5ce1e115c67c8,FINISHED,legacy_backfill,,,,true,,,,-0.016887013153387108,,,1787324582485
legacy_roll10c_hs300_w03,a209351964b74eb9a5c438573f5a72d8,FINISHED,legacy_backfill,,,,true,,,,0.00949408584581703,,,1787324582975
legacy_roll10c_hs300_w04,4c4d0d857d9c47c4a005c4f6f68545c1,FINISHED,legacy_backfill,,,,true,,,,0.0851386324926015,,,1787324583394
legacy_roll10c_zz500_w00,4857e620d19848b3a399d6fbf15a608a,FINISHED,legacy_backfill,,,,true,,,,-0.036839779251074366,,,1787324583772
legacy_roll10c_zz500_w01,48e6f3320c3249e29b5a7ae5e2640981,FINISHED,legacy_backfill,,,,true,,,,0.03983838056492946,,,1787324584142
legacy_roll10c_zz500_w02,a5446aa4548943fb9031c94f594157be,FINISHED,legacy_backfill,,,,true,,,,0.0022139116008057075,,,1787324584549
legacy_roll10c_zz500_w03,dc7dbc61f45d4b13a1f1ba6afc908c89,FINISHED,legacy_backfill,,,,true,,,,-0.007057993913651956,,,1787324584941
legacy_roll10c_zz500_w04,224fc75578c841f584fa05f929551480,FINISHED,legacy_backfill,,,,true,,,,0.05384979540445079,,,1787324585314
legacy_w10d21_hs300,66f961dfa635490a88a5b99616ffcfce,FINISHED,legacy_backfill,hs300,,,true,,,,,,,1787324491330
legacy_w10d21_zz500,50d0049647794587ab017e5e2cf703ec,FINISHED,legacy_backfill,zz500,,,true,,,,,,,1787324491623
linear_workflow,82fcebf891cd44338a86fc0d3287454f,FINISHED,,,,,,,,,0.013312202350364842,,,1786884945914
linear_workflow2,4f12a13c79fa4cc6b7471bbba4a6a060,FAILED,,,,,,,,,,,,1786885255702
linear_workflow2,674852b72d224cbeb843d5144c149137,FINISHED,,,,,,,,,-0.005012055783913555,,,1786885276974
predbump_e00_robust_1d_hs300,a2e6ff0fab404d5e80901f064884fe1c,FINISHED,,,,,,,,,-0.0019253690268763652,,,1787229253429
predbump_e01_off_1d_hs300,2b51318b4db04abd85bc66185796dfdd,FINISHED,,,,,,,,,0.0037465407621909176,,,1787229127269
predbump_e01_off_1d_zz500,1e6fb4dd3c7c4c2e9b6b9033cf3bad6a,FINISHED,,,,,,,,,-0.005455895860735645,,,1787229620778
predbump_e02_off_5d_hs300,dd3276dc1ab9476e8db4b4d307a61660,FINISHED,,,,,,,,,0.004868935490640613,,,1787229350481
predbump_e02_off_5d_zz500,8c40908ac4b44ea09bd3d0918457fd84,FINISHED,,,,,,,,,-0.0020624694775372245,,,1787229759687
predbump_e03_off_10d_hs300,d0032ff104f34cd29275c3bbee4ede78,FINISHED,,,,,,,,,0.002337039101014838,,,1787229430067
predbump_e03_off_10d_zz500,cebb9c36e98146d4a15758e72783cc55,FINISHED,,,,,,,,,0.004321185133959686,,,1787229931291
predbump_e04_off_20d_hs300,dc2d09f1588940f4b0ff8a0cc42c5d2e,FINISHED,,,,,,,,,-0.006839202642435919,,,1787229510859
predbump_e04_off_20d_zz500,e4411b33c79c4e17ac938420acf2eb87,FINISHED,,,,,,,,,0.0007680479533291418,,,1787230156131
predbump_e05_off_1d_dart_hs300,b8d453269d5b4a3eae47d8b7eeacd315,RUNNING,,,,,,,,,,,,1787230333448
predbump_e05_off_1d_dart_hs300,a218a9fa7468423ba1bb4e2e9d80a8ab,FINISHED,,,,,,,,,0.00758381641374644,,,1787232949112
predbump_e06_off_1d_small_hs300,164a39700da44ae492447c1ff3717a9f,FINISHED,,,,,,,,,0.006236616789587429,,,1787231844241
predbump_e071_off_1d_seed100_hs300,93c06cf0387543609cc216b8c1c55bc4,FINISHED,,,,,,,,,-0.000261349982903797,,,1787232039236
predbump_e072_off_1d_seed200_hs300,191164694d3f420eb4721d46b6116088,FINISHED,,,,,,,,,0.0023604833464394657,,,1787232175267
predbump_e073_off_1d_seed300_hs300,faf0e07111994d358e29f226e85c4d38,FINISHED,,,,,,,,,0.000369559750463407,,,1787232248304
predbump_e081_off_10d_seed100_hs300,0d1cf8e1569f44b5b7e3b1f310aed3dc,FINISHED,,,,,,,,,-0.0002857998562243595,,,1787232332528
predbump_e081_off_10d_seed100_zz500,0644a612959245278cb0ac39c9a1d53d,FINISHED,,,,,,,,,0.004546110775805706,,,1787232423897
predbump_e082_off_10d_seed200_hs300,7901f245327d4734a0e4842711673c1d,FINISHED,,,,,,,,,-0.0037653431560722745,,,1787232549719
predbump_e082_off_10d_seed200_zz500,02957e5dd455475fb94f8d4de8848fa0,FINISHED,,,,,,,,,0.002977805866081282,,,1787232622891
predbump_e083_off_10d_seed300_hs300,f5a2185b0a9b4990b40d2379978b3120,FINISHED,,,,,,,,,-0.00552999404656397,,,1787232739242
predbump_e083_off_10d_seed300_zz500,98759703809046338ca239c43471e8c4,FINISHED,,,,,,,,,0.00616313997631745,,,1787232828852
predbump_e11_off_1d_21_hs300,a2f5d2141cc748f9ac228d72077cc6e8,FINISHED,,,,,,,,,0.009107857165230384,,,1787237290220
predbump_e11_off_1d_21_zz500,425ce7534f8f458eaf7faa890dd8e759,FINISHED,,,,,,,,,-0.0009221989627301187,,,1787237404211
predbump_e12_off_10d_21_hs300,ced5395164074dfa96c0b36dee44c816,FINISHED,,,,,,,,,0.001956599798981413,,,1787237560944
predbump_e12_off_10d_21_zz500,44d307ad56354cfca400c0a89825a463,FINISHED,,,,,,,,,0.006561562272927124,,,1787237666036
predbump_e13_off_20d_21_hs300,2127119f06cb48749456b02bc9b79815,FINISHED,,,,,,,,,-0.007178919736510117,,,1787237814096
predbump_e13_off_20d_21_zz500,87391b8cc41048ea95010baae09e3590,FINISHED,,,,,,,,,-0.006895639276876838,,,1787237924672
predbump_e14_vol10d_hs300,26cd035b994844dda4d12d42548cbd1d,FINISHED,,,,,,,,,-0.0007707838239062733,,,1787238061775
predbump_e14_vol10d_zz500,3402dfa9928f4bc0b86e5ec37cac54b2,FINISHED,,,,,,,,,0.013296808787724683,,,1787238182978
predbump_e151_10d21_seed100_hs300,be82788789d14e3a971c887ac2d2a93f,FINISHED,,,,,,,,,0.014033465768091625,,,1787238619521
predbump_e151_10d21_seed100_zz500,97a750e16ddc40c594520bcde11bde7e,FINISHED,,,,,,,,,0.0086329484164112,,,1787238826486
predbump_e152_10d21_seed200_hs300,8e76241f741f4d7591d1d40745e7f2e5,FINISHED,,,,,,,,,0.004762233201841601,,,1787238971226
predbump_e152_10d21_seed200_zz500,32963f50039f4ac28c019d06446a9038,FINISHED,,,,,,,,,0.0030125479182619686,,,1787239087736
predbump_e153_10d21_seed300_hs300,a869e995e1a64b5ca459114b14d90936,FINISHED,,,,,,,,,0.00856841476929318,,,1787239465646
predbump_e153_10d21_seed300_zz500,2892843ebac6456bbdee483e1b0b68cd,FINISHED,,,,,,,,,0.00853147690448123,,,1787239598787
predbump_e16_top50_10d21_hs300,3aef1d1e70da43738d857f525f2e97ec,FINISHED,,,,,,,,,0.0044904358802268195,,,1787240679803
predbump_e16_top50_10d21_hs300,96369ece22174873ae13a1b359efc5da,FINISHED,,,,,,,,,0.0044904358802268195,,,1787240744715
predbump_e16_top50_10d21_zz500,e864d970971a4f518c08c0508625956c,FINISHED,,,,,,,,,0.007777152951691737,,,1787240200950
predbump_e17_all_10d_21,dbfb1cbd604f43b78f24805ff6695836,FAILED,,,,,,,,,,,,1787243029608
predbump_e17_all_10d_21,2cf45fe2d3cd4688a5768827870e81f4,RUNNING,,,,,,,,,,,,1787243189768
predbump_e17_all_10d_21,8b1fdbf2cea842c6ae2f0112d5dd978d,RUNNING,,,,,,,,,,,,1787244823917
predbump_e18_off_60d_21_hs300,62803066fc944837a0f3ef71eea153eb,FINISHED,,,,,,,,,-0.044313000236734686,,,1787252685087
predbump_e18_off_60d_21_zz500,a53b97f7a9174bb7800469f9b0d09387,FINISHED,,,,,,,,,-0.09704944013749815,,,1787252787900
predbump_e191_15d21_seed100_hs300,03ce74b5391e4a6185c2edc9fbecfd5b,FINISHED,,,,,,,,,0.004302424925219917,,,1787255693809
predbump_e192_15d21_seed200_hs300,3293e56838664e339e32d4f9bd7c64db,FINISHED,,,,,,,,,0.004914304393968874,,,1787255801373
predbump_e193_15d21_seed300_hs300,51b28c69e7114d669dd4a57dda21911e,FINISHED,,,,,,,,,0.006593459108632657,,,1787255908658
predbump_e19_off_15d_21_hs300,5fb8cad9f15f412bb44b2a241b7b9a17,FINISHED,,,,,,,,,0.010788799474249216,,,1787255435706
predbump_e19_off_15d_21_zz500,5ccd0a49424548b3a5d41a520dbfc26f,FINISHED,,,,,,,,,-0.008733891888670997,,,1787255538353
predbump_roll10_hs300_w00,db22178ee8c04e24bc4d062f578ec1d8,FINISHED,,,,,,,,,0.05356458590592712,,,1787233496347
predbump_roll10_hs300_w01,ca97a4c3ee9a462cb8f0b2de12c09189,FAILED,,,,,,,,,,,,1787233576939
predbump_roll10_hs300_w02,73db6e1837884f46821ef7554dc519f3,FINISHED,,,,,,,,,-0.016887013153387108,,,1787233665552
predbump_roll10_hs300_w03,bdbdda5301124d79b40b1aab97fe2a52,FAILED,,,,,,,,,,,,1787233747255
predbump_roll10_hs300_w04,e22ff719409646a0810fa386aa2519fd,FAILED,,,,,,,,,,,,1787233839112
predbump_roll10_zz500_w00,b2739a30288744f3bbe1e5451cef7b73,FINISHED,,,,,,,,,-0.036839779251074366,,,1787233887184
predbump_roll10_zz500_w01,00c2751232cc4447b08a7c7c60acc090,FAILED,,,,,,,,,,,,1787234009600
predbump_roll10_zz500_w02,19556bd1eacb4d2dadb63b190a5b8981,FINISHED,,,,,,,,,0.0022139116008057075,,,1787234135588
predbump_roll10_zz500_w03,1a1898be356646dfa48119dcec87dc27,RUNNING,,,,,,,,,,,,1787234259843
predbump_roll10b_hs300_w00,526fc440418c4735b99b82d8f1f4f0a3,FINISHED,,,,,,,,,0.05356458590592712,,,1787234310651
predbump_roll10b_hs300_w01,4a958eaedf254156bfb9b85e2898222b,FAILED,,,,,,,,,,,,1787234393514
predbump_roll10b_hs300_w02,80f7422cc7734206a319c3b0119433b2,FINISHED,,,,,,,,,-0.016887013153387108,,,1787234507732
predbump_roll10b_hs300_w03,0c8c46017b53439b895b511a758cbdd7,FAILED,,,,,,,,,,,,1787234596092
predbump_roll10b_hs300_w04,8c783515f9e844399a3ba14b503fb400,FAILED,,,,,,,,,,,,1787234716625
predbump_roll10b_zz500_w00,4600970c42364f15b976565eccbd3c95,FINISHED,,,,,,,,,-0.036839779251074366,,,1787234770387
predbump_roll10b_zz500_w01,b09872fe866346f38409c525591b241c,RUNNING,,,,,,,,,,,,1787234908915
predbump_roll10c_hs300_w00,a1ec2b1d3e074a428ee328b3f7399bc5,FINISHED,,,,,,,,,0.05356458590592712,,,1787235023507
predbump_roll10c_hs300_w01,2e851beda17645498a3c0cb352a300f9,FINISHED,,,,,,,,,0.036340539109409396,,,1787235120703
predbump_roll10c_hs300_w02,cb77786a77ff4402bf0e18eda0925a43,FINISHED,,,,,,,,,-0.016887013153387108,,,1787235228130
predbump_roll10c_hs300_w03,43340f2dbe94486187b87a9e6783c9b5,FINISHED,,,,,,,,,0.00949408584581703,,,1787235329881
predbump_roll10c_hs300_w04,b017b5b4f18444168301f21e788ea7ad,FINISHED,,,,,,,,,0.0851386324926015,,,1787235428513
predbump_roll10c_zz500_w00,e814ae7a495c4f3e80ad87d3010dfcbf,FINISHED,,,,,,,,,-0.036839779251074366,,,1787235526923
predbump_roll10c_zz500_w01,788963d3dee1464196a1b70405e75cb4,FINISHED,,,,,,,,,0.03983838056492946,,,1787235667614
predbump_roll10c_zz500_w02,23847921c0744a7cb3203022c6fd3807,FINISHED,,,,,,,,,0.0022139116008057075,,,1787235812397
predbump_roll10c_zz500_w03,e13002db80fe4efaa4e8c972f60661f0,FINISHED,,,,,,,,,-0.007057993913651956,,,1787235954563
predbump_roll10c_zz500_w04,dd5a3ca236494528ab08a2de8136b31e,FINISHED,,,,,,,,,0.05384979540445079,,,1787236108439
smoke_001,a7cfe05a669d4efab0a9beea618aebb9,FINISHED,harness,,,b-smoke-001,,true,4d883bf3,,,,,1787324633868
smoke_002,0601052cbb904ca99122f2031ba6de69,FINISHED,harness,,,b-server-smoke-001,,true,3794bc59,,,,,1787328265158
workflow,d9518a57b2e44767a0b3ae655fc24900,FINISHED,,,,,,,,,0.013312202350364842,,,1787140772517
workflow,841b31e7f786493e885875089cf5982b,FINISHED,,,,,,,,,0.013312202350364842,,,1787145446201
workflow,ef20993233424d47a0cd82151b3c7652,FINISHED,,,,,,,,,0.0012529839757700958,,,1787161432139
workflow,6627e0d770f0416e9877e50fcb1ada68,FINISHED,,,,,,,,,0.0012529839757700958,,,1787191913593
workflow,6d80f3f771974d3e9abd84542ab37dc6,FINISHED,,,,,,,,,-0.006467002946092434,,,1787222780351
workflow_hs300_08201106,363f5112961d49ed9d3368b579b178ef,FINISHED,,,,,,,,,-0.006467002946092434,,,1787223981966
workflow_zz500,73c4ae5ac20a4b5e9cfd1680e7b08e72,FAILED,,,,,,,,,,,,1786885627496
workflow_zz500,a01db1809d474e48b3ce5dfdddcbd102,FINISHED,,,,,,,,,-0.0019049944343089119,,,1786885645238
